{
	"credit": "Made with Blockbench",
	"textures": {
		"0": "qualityarmory:all/clip",
		"particle": "qualityarmory:all/clip"
	},
	"elements": [
		{
			"from": [6, 0.4, 7.3],
			"to": [7.9, 1, 7.7],
			"rotation": {"angle": 0, "axis": "y", "origin": [-0.6, 0, 0]},
			"faces": {
				"north": {"uv": [3, 2, 3.5, 2.25], "texture": "#0"},
				"east": {"uv": [0.75, 5, 1, 5.25], "texture": "#0"},
				"south": {"uv": [3, 2.5, 3.5, 2.75], "texture": "#0"},
				"west": {"uv": [5, 1, 5.25, 1.25], "texture": "#0"},
				"up": {"uv": [3.5, 3.25, 3, 3], "texture": "#0"},
				"down": {"uv": [4, 0, 3.5, 0.25], "texture": "#0"}
			}
		},
		{
			"from": [6, 0.5, 7.2],
			"to": [7.9, 0.9, 7.8],
			"rotation": {"angle": 0, "axis": "y", "origin": [-0.6, 0, 0]},
			"faces": {
				"north": {"uv": [0.5, 3.5, 1, 3.75], "texture": "#0"},
				"east": {"uv": [1.25, 5, 1.5, 5.25], "texture": "#0"},
				"south": {"uv": [3.5, 0.5, 4, 0.75], "texture": "#0"},
				"west": {"uv": [5, 1.5, 5.25, 1.75], "texture": "#0"},
				"up": {"uv": [4, 1.25, 3.5, 1], "texture": "#0"},
				"down": {"uv": [1.75, 3.5, 1.25, 3.75], "texture": "#0"}
			}
		},
		{
			"from": [7.9, 0.6, 7.3],
			"to": [8.5, 0.8, 7.7],
			"rotation": {"angle": 0, "axis": "y", "origin": [-0.6, 0, 0]},
			"faces": {
				"north": {"uv": [1.75, 5, 2, 5.25], "texture": "#0"},
				"east": {"uv": [2.25, 5, 2.5, 5.25], "texture": "#0"},
				"south": {"uv": [2.75, 5, 3, 5.25], "texture": "#0"},
				"west": {"uv": [3.25, 5, 3.5, 5.25], "texture": "#0"},
				"up": {"uv": [5.25, 3.75, 5, 3.5], "texture": "#0"},
				"down": {"uv": [4, 5, 3.75, 5.25], "texture": "#0"}
			}
		},
		{
			"from": [7.9, 0.5, 7.4],
			"to": [8.5, 0.9, 7.6],
			"rotation": {"angle": 0, "axis": "y", "origin": [-0.6, 0, 0]},
			"faces": {
				"north": {"uv": [4.25, 5, 4.5, 5.25], "texture": "#0"},
				"east": {"uv": [4.75, 5, 5, 5.25], "texture": "#0"},
				"south": {"uv": [5.25, 2, 5.5, 2.25], "texture": "#0"},
				"west": {"uv": [5.25, 2.5, 5.5, 2.75], "texture": "#0"},
				"up": {"uv": [5.5, 3.25, 5.25, 3], "texture": "#0"},
				"down": {"uv": [5.5, 4, 5.25, 4.25], "texture": "#0"}
			}
		},
		{
			"from": [4.7, 6.615, 7.35],
			"to": [5, 6.715, 7.65],
			"rotation": {"angle": -45, "axis": "z", "origin": [-0.6, 0, 0]},
			"faces": {
				"north": {"uv": [5.25, 4.5, 5.5, 4.75], "texture": "#0"},
				"east": {"uv": [5.25, 5, 5.5, 5.25], "texture": "#0"},
				"south": {"uv": [0, 5.5, 0.25, 5.75], "texture": "#0"},
				"west": {"uv": [0.5, 5.5, 0.75, 5.75], "texture": "#0"},
				"up": {"uv": [1.25, 5.75, 1, 5.5], "texture": "#0"},
				"down": {"uv": [5.75, 1, 5.5, 1.25], "texture": "#0"}
			}
		},
		{
			"from": [5.03, 6.29, 7.35],
			"to": [5.13, 6.59, 7.65],
			"rotation": {"angle": -45, "axis": "z", "origin": [-0.6, 0, 0]},
			"faces": {
				"north": {"uv": [1.5, 5.5, 1.75, 5.75], "texture": "#0"},
				"east": {"uv": [5.5, 1.5, 5.75, 1.75], "texture": "#0"},
				"south": {"uv": [2, 5.5, 2.25, 5.75], "texture": "#0"},
				"west": {"uv": [2.5, 5.5, 2.75, 5.75], "texture": "#0"},
				"up": {"uv": [3.25, 5.75, 3, 5.5], "texture": "#0"},
				"down": {"uv": [3.75, 5.5, 3.5, 5.75], "texture": "#0"}
			}
		},
		{
			"from": [10.5, 0.55, -0.92],
			"to": [10.8, 0.85, -0.82],
			"rotation": {"angle": -45, "axis": "y", "origin": [-0.6, 0, 0]},
			"faces": {
				"north": {"uv": [5.5, 3.5, 5.75, 3.75], "texture": "#0"},
				"east": {"uv": [4, 5.5, 4.25, 5.75], "texture": "#0"},
				"south": {"uv": [4.5, 5.5, 4.75, 5.75], "texture": "#0"},
				"west": {"uv": [5, 5.5, 5.25, 5.75], "texture": "#0"},
				"up": {"uv": [5.75, 5.75, 5.5, 5.5], "texture": "#0"},
				"down": {"uv": [6, 0, 5.75, 0.25], "texture": "#0"}
			}
		},
		{
			"from": [10.83, 0.55, -0.795],
			"to": [10.93, 0.85, -0.495],
			"rotation": {"angle": -45, "axis": "y", "origin": [-0.6, 0, 0]},
			"faces": {
				"north": {"uv": [5.75, 0.5, 6, 0.75], "texture": "#0"},
				"east": {"uv": [5.75, 2, 6, 2.25], "texture": "#0"},
				"south": {"uv": [5.75, 2.5, 6, 2.75], "texture": "#0"},
				"west": {"uv": [5.75, 3, 6, 3.25], "texture": "#0"},
				"up": {"uv": [6, 4.25, 5.75, 4], "texture": "#0"},
				"down": {"uv": [6, 4.5, 5.75, 4.75], "texture": "#0"}
			}
		},
		{
			"from": [9.3, 0.65, 7.45],
			"to": [9.45, 0.75, 7.55],
			"rotation": {"angle": 0, "axis": "y", "origin": [-0.6, 0, 0]},
			"faces": {
				"north": {"uv": [5.75, 5, 6, 5.25], "texture": "#0"},
				"east": {"uv": [0, 6, 0.25, 6.25], "texture": "#0"},
				"south": {"uv": [0.5, 6, 0.75, 6.25], "texture": "#0"},
				"west": {"uv": [1, 6, 1.25, 6.25], "texture": "#0"},
				"up": {"uv": [6.25, 1.25, 6, 1], "texture": "#0"},
				"down": {"uv": [1.75, 6, 1.5, 6.25], "texture": "#0"}
			}
		},
		{
			"from": [9.1, 0.6, 7.4],
			"to": [9.3, 0.8, 7.6],
			"rotation": {"angle": 0, "axis": "y", "origin": [-0.6, 0, 0]},
			"faces": {
				"north": {"uv": [6, 1.5, 6.25, 1.75], "texture": "#0"},
				"east": {"uv": [2, 6, 2.25, 6.25], "texture": "#0"},
				"south": {"uv": [2.5, 6, 2.75, 6.25], "texture": "#0"},
				"west": {"uv": [3, 6, 3.25, 6.25], "texture": "#0"},
				"up": {"uv": [3.75, 6.25, 3.5, 6], "texture": "#0"},
				"down": {"uv": [6.25, 3.5, 6, 3.75], "texture": "#0"}
			}
		},
		{
			"from": [8.5, 0.5, 7.4],
			"to": [8.8, 0.9, 7.6],
			"rotation": {"angle": 0, "axis": "y", "origin": [-0.6, 0, 0]},
			"faces": {
				"north": {"uv": [4, 6, 4.25, 6.25], "texture": "#0"},
				"east": {"uv": [4.5, 6, 4.75, 6.25], "texture": "#0"},
				"south": {"uv": [5, 6, 5.25, 6.25], "texture": "#0"},
				"west": {"uv": [5.5, 6, 5.75, 6.25], "texture": "#0"},
				"up": {"uv": [6.25, 5.75, 6, 5.5], "texture": "#0"},
				"down": {"uv": [6.25, 6, 6, 6.25], "texture": "#0"}
			}
		},
		{
			"from": [8.5, 0.6, 7.3],
			"to": [8.8, 0.8, 7.7],
			"rotation": {"angle": 0, "axis": "y", "origin": [-0.6, 0, 0]},
			"faces": {
				"north": {"uv": [6.25, 0, 6.5, 0.25], "texture": "#0"},
				"east": {"uv": [6.25, 0.5, 6.5, 0.75], "texture": "#0"},
				"south": {"uv": [6.25, 2, 6.5, 2.25], "texture": "#0"},
				"west": {"uv": [6.25, 2.5, 6.5, 2.75], "texture": "#0"},
				"up": {"uv": [6.5, 3.25, 6.25, 3], "texture": "#0"},
				"down": {"uv": [6.5, 4, 6.25, 4.25], "texture": "#0"}
			}
		},
		{
			"from": [9.45, 0.675, 7.475],
			"to": [9.6, 0.725, 7.525],
			"rotation": {"angle": 0, "axis": "y", "origin": [-0.6, 0, 0]},
			"faces": {
				"north": {"uv": [6.25, 4.5, 6.5, 4.75], "texture": "#0"},
				"east": {"uv": [6.25, 5, 6.5, 5.25], "texture": "#0"},
				"south": {"uv": [0, 6.5, 0.25, 6.75], "texture": "#0"},
				"west": {"uv": [0.5, 6.5, 0.75, 6.75], "texture": "#0"},
				"up": {"uv": [1.25, 6.75, 1, 6.5], "texture": "#0"},
				"down": {"uv": [6.75, 1, 6.5, 1.25], "texture": "#0"}
			}
		},
		{
			"from": [8.8, 0.6, 7.35],
			"to": [9.1, 0.8, 7.65],
			"rotation": {"angle": 0, "axis": "y", "origin": [-0.6, 0, 0]},
			"faces": {
				"north": {"uv": [1.5, 6.5, 1.75, 6.75], "texture": "#0"},
				"east": {"uv": [6.5, 1.5, 6.75, 1.75], "texture": "#0"},
				"south": {"uv": [2, 6.5, 2.25, 6.75], "texture": "#0"},
				"west": {"uv": [2.5, 6.5, 2.75, 6.75], "texture": "#0"},
				"up": {"uv": [3.25, 6.75, 3, 6.5], "texture": "#0"},
				"down": {"uv": [3.75, 6.5, 3.5, 6.75], "texture": "#0"}
			}
		},
		{
			"from": [8.8, 0.55, 7.4],
			"to": [9.1, 0.85, 7.6],
			"rotation": {"angle": 0, "axis": "y", "origin": [-0.6, 0, 0]},
			"faces": {
				"north": {"uv": [6.5, 3.5, 6.75, 3.75], "texture": "#0"},
				"east": {"uv": [4, 6.5, 4.25, 6.75], "texture": "#0"},
				"south": {"uv": [4.5, 6.5, 4.75, 6.75], "texture": "#0"},
				"west": {"uv": [5, 6.5, 5.25, 6.75], "texture": "#0"},
				"up": {"uv": [5.75, 6.75, 5.5, 6.5], "texture": "#0"},
				"down": {"uv": [6.75, 5.5, 6.5, 5.75], "texture": "#0"}
			}
		},
		{
			"from": [6, 1.1, 7.3],
			"to": [7.9, 1.7, 7.7],
			"rotation": {"angle": 0, "axis": "y", "origin": [-0.6, 0.7, 0]},
			"faces": {
				"north": {"uv": [3.5, 1.5, 4, 1.75], "texture": "#0"},
				"east": {"uv": [6, 6.5, 6.25, 6.75], "texture": "#0"},
				"south": {"uv": [2, 3.5, 2.5, 3.75], "texture": "#0"},
				"west": {"uv": [6.5, 6, 6.75, 6.25], "texture": "#0"},
				"up": {"uv": [3.25, 3.75, 2.75, 3.5], "texture": "#0"},
				"down": {"uv": [4, 3.5, 3.5, 3.75], "texture": "#0"}
			}
		},
		{
			"from": [6, 1.2, 7.2],
			"to": [7.9, 1.6, 7.8],
			"rotation": {"angle": 0, "axis": "y", "origin": [-0.6, 0.7, 0]},
			"faces": {
				"north": {"uv": [3.75, 2, 4.25, 2.25], "texture": "#0"},
				"east": {"uv": [6.5, 6.5, 6.75, 6.75], "texture": "#0"},
				"south": {"uv": [3.75, 2.5, 4.25, 2.75], "texture": "#0"},
				"west": {"uv": [6.75, 0, 7, 0.25], "texture": "#0"},
				"up": {"uv": [4.25, 3.25, 3.75, 3], "texture": "#0"},
				"down": {"uv": [0.5, 4, 0, 4.25], "texture": "#0"}
			}
		},
		{
			"from": [7.9, 1.3, 7.3],
			"to": [8.5, 1.5, 7.7],
			"rotation": {"angle": 0, "axis": "y", "origin": [-0.6, 0.7, 0]},
			"faces": {
				"north": {"uv": [6.75, 0.5, 7, 0.75], "texture": "#0"},
				"east": {"uv": [6.75, 2, 7, 2.25], "texture": "#0"},
				"south": {"uv": [6.75, 2.5, 7, 2.75], "texture": "#0"},
				"west": {"uv": [6.75, 3, 7, 3.25], "texture": "#0"},
				"up": {"uv": [7, 4.25, 6.75, 4], "texture": "#0"},
				"down": {"uv": [7, 4.5, 6.75, 4.75], "texture": "#0"}
			}
		},
		{
			"from": [7.9, 1.2, 7.4],
			"to": [8.5, 1.6, 7.6],
			"rotation": {"angle": 0, "axis": "y", "origin": [-0.6, 0.7, 0]},
			"faces": {
				"north": {"uv": [6.75, 5, 7, 5.25], "texture": "#0"},
				"east": {"uv": [0, 7, 0.25, 7.25], "texture": "#0"},
				"south": {"uv": [0.5, 7, 0.75, 7.25], "texture": "#0"},
				"west": {"uv": [1, 7, 1.25, 7.25], "texture": "#0"},
				"up": {"uv": [7.25, 1.25, 7, 1], "texture": "#0"},
				"down": {"uv": [1.75, 7, 1.5, 7.25], "texture": "#0"}
			}
		},
		{
			"from": [4.7, 7.315, 7.35],
			"to": [5, 7.415, 7.65],
			"rotation": {"angle": -45, "axis": "z", "origin": [-0.6, 0.7, 0]},
			"faces": {
				"north": {"uv": [7, 1.5, 7.25, 1.75], "texture": "#0"},
				"east": {"uv": [2, 7, 2.25, 7.25], "texture": "#0"},
				"south": {"uv": [2.5, 7, 2.75, 7.25], "texture": "#0"},
				"west": {"uv": [3, 7, 3.25, 7.25], "texture": "#0"},
				"up": {"uv": [3.75, 7.25, 3.5, 7], "texture": "#0"},
				"down": {"uv": [7.25, 3.5, 7, 3.75], "texture": "#0"}
			}
		},
		{
			"from": [5.03, 6.99, 7.35],
			"to": [5.13, 7.29, 7.65],
			"rotation": {"angle": -45, "axis": "z", "origin": [-0.6, 0.7, 0]},
			"faces": {
				"north": {"uv": [4, 7, 4.25, 7.25], "texture": "#0"},
				"east": {"uv": [4.5, 7, 4.75, 7.25], "texture": "#0"},
				"south": {"uv": [5, 7, 5.25, 7.25], "texture": "#0"},
				"west": {"uv": [5.5, 7, 5.75, 7.25], "texture": "#0"},
				"up": {"uv": [7.25, 5.75, 7, 5.5], "texture": "#0"},
				"down": {"uv": [6.25, 7, 6, 7.25], "texture": "#0"}
			}
		},
		{
			"from": [10.5, 1.25, -0.92],
			"to": [10.8, 1.55, -0.82],
			"rotation": {"angle": -45, "axis": "y", "origin": [-0.6, 0.7, 0]},
			"faces": {
				"north": {"uv": [7, 6, 7.25, 6.25], "texture": "#0"},
				"east": {"uv": [6.5, 7, 6.75, 7.25], "texture": "#0"},
				"south": {"uv": [7, 6.5, 7.25, 6.75], "texture": "#0"},
				"west": {"uv": [7, 7, 7.25, 7.25], "texture": "#0"},
				"up": {"uv": [7.5, 0.25, 7.25, 0], "texture": "#0"},
				"down": {"uv": [7.5, 0.5, 7.25, 0.75], "texture": "#0"}
			}
		},
		{
			"from": [10.83, 1.25, -0.795],
			"to": [10.93, 1.55, -0.495],
			"rotation": {"angle": -45, "axis": "y", "origin": [-0.6, 0.7, 0]},
			"faces": {
				"north": {"uv": [7.25, 2, 7.5, 2.25], "texture": "#0"},
				"east": {"uv": [7.25, 2.5, 7.5, 2.75], "texture": "#0"},
				"south": {"uv": [7.25, 3, 7.5, 3.25], "texture": "#0"},
				"west": {"uv": [7.25, 4, 7.5, 4.25], "texture": "#0"},
				"up": {"uv": [7.5, 4.75, 7.25, 4.5], "texture": "#0"},
				"down": {"uv": [7.5, 5, 7.25, 5.25], "texture": "#0"}
			}
		},
		{
			"from": [9.3, 1.35, 7.45],
			"to": [9.45, 1.45, 7.55],
			"rotation": {"angle": 0, "axis": "y", "origin": [-0.6, 0.7, 0]},
			"faces": {
				"north": {"uv": [0, 7.5, 0.25, 7.75], "texture": "#0"},
				"east": {"uv": [0.5, 7.5, 0.75, 7.75], "texture": "#0"},
				"south": {"uv": [1, 7.5, 1.25, 7.75], "texture": "#0"},
				"west": {"uv": [7.5, 1, 7.75, 1.25], "texture": "#0"},
				"up": {"uv": [1.75, 7.75, 1.5, 7.5], "texture": "#0"},
				"down": {"uv": [7.75, 1.5, 7.5, 1.75], "texture": "#0"}
			}
		},
		{
			"from": [9.1, 1.3, 7.4],
			"to": [9.3, 1.5, 7.6],
			"rotation": {"angle": 0, "axis": "y", "origin": [-0.6, 0.7, 0]},
			"faces": {
				"north": {"uv": [2, 7.5, 2.25, 7.75], "texture": "#0"},
				"east": {"uv": [2.5, 7.5, 2.75, 7.75], "texture": "#0"},
				"south": {"uv": [3, 7.5, 3.25, 7.75], "texture": "#0"},
				"west": {"uv": [3.5, 7.5, 3.75, 7.75], "texture": "#0"},
				"up": {"uv": [7.75, 3.75, 7.5, 3.5], "texture": "#0"},
				"down": {"uv": [4.25, 7.5, 4, 7.75], "texture": "#0"}
			}
		},
		{
			"from": [8.5, 1.2, 7.4],
			"to": [8.8, 1.6, 7.6],
			"rotation": {"angle": 0, "axis": "y", "origin": [-0.6, 0.7, 0]},
			"faces": {
				"north": {"uv": [4.5, 7.5, 4.75, 7.75], "texture": "#0"},
				"east": {"uv": [5, 7.5, 5.25, 7.75], "texture": "#0"},
				"south": {"uv": [5.5, 7.5, 5.75, 7.75], "texture": "#0"},
				"west": {"uv": [7.5, 5.5, 7.75, 5.75], "texture": "#0"},
				"up": {"uv": [6.25, 7.75, 6, 7.5], "texture": "#0"},
				"down": {"uv": [7.75, 6, 7.5, 6.25], "texture": "#0"}
			}
		},
		{
			"from": [8.5, 1.3, 7.3],
			"to": [8.8, 1.5, 7.7],
			"rotation": {"angle": 0, "axis": "y", "origin": [-0.6, 0.7, 0]},
			"faces": {
				"north": {"uv": [6.5, 7.5, 6.75, 7.75], "texture": "#0"},
				"east": {"uv": [7.5, 6.5, 7.75, 6.75], "texture": "#0"},
				"south": {"uv": [7, 7.5, 7.25, 7.75], "texture": "#0"},
				"west": {"uv": [7.5, 7, 7.75, 7.25], "texture": "#0"},
				"up": {"uv": [7.75, 7.75, 7.5, 7.5], "texture": "#0"},
				"down": {"uv": [8, 0, 7.75, 0.25], "texture": "#0"}
			}
		},
		{
			"from": [9.45, 1.375, 7.475],
			"to": [9.6, 1.425, 7.525],
			"rotation": {"angle": 0, "axis": "y", "origin": [-0.6, 0.7, 0]},
			"faces": {
				"north": {"uv": [7.75, 0.5, 8, 0.75], "texture": "#0"},
				"east": {"uv": [7.75, 2, 8, 2.25], "texture": "#0"},
				"south": {"uv": [7.75, 2.5, 8, 2.75], "texture": "#0"},
				"west": {"uv": [7.75, 3, 8, 3.25], "texture": "#0"},
				"up": {"uv": [8, 4.25, 7.75, 4], "texture": "#0"},
				"down": {"uv": [8, 4.5, 7.75, 4.75], "texture": "#0"}
			}
		},
		{
			"from": [8.8, 1.3, 7.35],
			"to": [9.1, 1.5, 7.65],
			"rotation": {"angle": 0, "axis": "y", "origin": [-0.6, 0.7, 0]},
			"faces": {
				"north": {"uv": [7.75, 5, 8, 5.25], "texture": "#0"},
				"east": {"uv": [0, 8, 0.25, 8.25], "texture": "#0"},
				"south": {"uv": [0.5, 8, 0.75, 8.25], "texture": "#0"},
				"west": {"uv": [1, 8, 1.25, 8.25], "texture": "#0"},
				"up": {"uv": [8.25, 1.25, 8, 1], "texture": "#0"},
				"down": {"uv": [1.75, 8, 1.5, 8.25], "texture": "#0"}
			}
		},
		{
			"from": [8.8, 1.25, 7.4],
			"to": [9.1, 1.55, 7.6],
			"rotation": {"angle": 0, "axis": "y", "origin": [-0.6, 0.7, 0]},
			"faces": {
				"north": {"uv": [8, 1.5, 8.25, 1.75], "texture": "#0"},
				"east": {"uv": [2, 8, 2.25, 8.25], "texture": "#0"},
				"south": {"uv": [2.5, 8, 2.75, 8.25], "texture": "#0"},
				"west": {"uv": [3, 8, 3.25, 8.25], "texture": "#0"},
				"up": {"uv": [3.75, 8.25, 3.5, 8], "texture": "#0"},
				"down": {"uv": [8.25, 3.5, 8, 3.75], "texture": "#0"}
			}
		},
		{
			"from": [6, 1.8, 7.3],
			"to": [7.9, 2.4, 7.7],
			"rotation": {"angle": 0, "axis": "y", "origin": [-0.6, 1.4, 0]},
			"faces": {
				"north": {"uv": [0.75, 4, 1.25, 4.25], "texture": "#0"},
				"east": {"uv": [4, 8, 4.25, 8.25], "texture": "#0"},
				"south": {"uv": [1.5, 4, 2, 4.25], "texture": "#0"},
				"west": {"uv": [4.5, 8, 4.75, 8.25], "texture": "#0"},
				"up": {"uv": [2.75, 4.25, 2.25, 4], "texture": "#0"},
				"down": {"uv": [3.5, 4, 3, 4.25], "texture": "#0"}
			}
		},
		{
			"from": [6, 1.9, 7.2],
			"to": [7.9, 2.3, 7.8],
			"rotation": {"angle": 0, "axis": "y", "origin": [-0.6, 1.4, 0]},
			"faces": {
				"north": {"uv": [3.75, 4, 4.25, 4.25], "texture": "#0"},
				"east": {"uv": [5, 8, 5.25, 8.25], "texture": "#0"},
				"south": {"uv": [4.25, 0, 4.75, 0.25], "texture": "#0"},
				"west": {"uv": [5.5, 8, 5.75, 8.25], "texture": "#0"},
				"up": {"uv": [4.75, 0.75, 4.25, 0.5], "texture": "#0"},
				"down": {"uv": [4.75, 1, 4.25, 1.25], "texture": "#0"}
			}
		},
		{
			"from": [7.9, 2, 7.3],
			"to": [8.5, 2.2, 7.7],
			"rotation": {"angle": 0, "axis": "y", "origin": [-0.6, 1.4, 0]},
			"faces": {
				"north": {"uv": [8, 5.5, 8.25, 5.75], "texture": "#0"},
				"east": {"uv": [6, 8, 6.25, 8.25], "texture": "#0"},
				"south": {"uv": [8, 6, 8.25, 6.25], "texture": "#0"},
				"west": {"uv": [6.5, 8, 6.75, 8.25], "texture": "#0"},
				"up": {"uv": [8.25, 6.75, 8, 6.5], "texture": "#0"},
				"down": {"uv": [7.25, 8, 7, 8.25], "texture": "#0"}
			}
		},
		{
			"from": [7.9, 1.9, 7.4],
			"to": [8.5, 2.3, 7.6],
			"rotation": {"angle": 0, "axis": "y", "origin": [-0.6, 1.4, 0]},
			"faces": {
				"north": {"uv": [8, 7, 8.25, 7.25], "texture": "#0"},
				"east": {"uv": [7.5, 8, 7.75, 8.25], "texture": "#0"},
				"south": {"uv": [8, 7.5, 8.25, 7.75], "texture": "#0"},
				"west": {"uv": [8, 8, 8.25, 8.25], "texture": "#0"},
				"up": {"uv": [8.5, 0.25, 8.25, 0], "texture": "#0"},
				"down": {"uv": [8.5, 0.5, 8.25, 0.75], "texture": "#0"}
			}
		},
		{
			"from": [4.7, 8.015, 7.35],
			"to": [5, 8.115, 7.65],
			"rotation": {"angle": -45, "axis": "z", "origin": [-0.6, 1.4, 0]},
			"faces": {
				"north": {"uv": [8.25, 2, 8.5, 2.25], "texture": "#0"},
				"east": {"uv": [8.25, 2.5, 8.5, 2.75], "texture": "#0"},
				"south": {"uv": [8.25, 3, 8.5, 3.25], "texture": "#0"},
				"west": {"uv": [8.25, 4, 8.5, 4.25], "texture": "#0"},
				"up": {"uv": [8.5, 4.75, 8.25, 4.5], "texture": "#0"},
				"down": {"uv": [8.5, 5, 8.25, 5.25], "texture": "#0"}
			}
		},
		{
			"from": [5.03, 7.69, 7.35],
			"to": [5.13, 7.99, 7.65],
			"rotation": {"angle": -45, "axis": "z", "origin": [-0.6, 1.4, 0]},
			"faces": {
				"north": {"uv": [0, 8.5, 0.25, 8.75], "texture": "#0"},
				"east": {"uv": [0.5, 8.5, 0.75, 8.75], "texture": "#0"},
				"south": {"uv": [1, 8.5, 1.25, 8.75], "texture": "#0"},
				"west": {"uv": [8.5, 1, 8.75, 1.25], "texture": "#0"},
				"up": {"uv": [1.75, 8.75, 1.5, 8.5], "texture": "#0"},
				"down": {"uv": [8.75, 1.5, 8.5, 1.75], "texture": "#0"}
			}
		},
		{
			"from": [10.5, 1.95, -0.92],
			"to": [10.8, 2.25, -0.82],
			"rotation": {"angle": -45, "axis": "y", "origin": [-0.6, 1.4, 0]},
			"faces": {
				"north": {"uv": [2, 8.5, 2.25, 8.75], "texture": "#0"},
				"east": {"uv": [2.5, 8.5, 2.75, 8.75], "texture": "#0"},
				"south": {"uv": [3, 8.5, 3.25, 8.75], "texture": "#0"},
				"west": {"uv": [3.5, 8.5, 3.75, 8.75], "texture": "#0"},
				"up": {"uv": [8.75, 3.75, 8.5, 3.5], "texture": "#0"},
				"down": {"uv": [4.25, 8.5, 4, 8.75], "texture": "#0"}
			}
		},
		{
			"from": [10.83, 1.95, -0.795],
			"to": [10.93, 2.25, -0.495],
			"rotation": {"angle": -45, "axis": "y", "origin": [-0.6, 1.4, 0]},
			"faces": {
				"north": {"uv": [4.5, 8.5, 4.75, 8.75], "texture": "#0"},
				"east": {"uv": [5, 8.5, 5.25, 8.75], "texture": "#0"},
				"south": {"uv": [5.5, 8.5, 5.75, 8.75], "texture": "#0"},
				"west": {"uv": [8.5, 5.5, 8.75, 5.75], "texture": "#0"},
				"up": {"uv": [6.25, 8.75, 6, 8.5], "texture": "#0"},
				"down": {"uv": [8.75, 6, 8.5, 6.25], "texture": "#0"}
			}
		},
		{
			"from": [9.3, 2.05, 7.45],
			"to": [9.45, 2.15, 7.55],
			"rotation": {"angle": 0, "axis": "y", "origin": [-0.6, 1.4, 0]},
			"faces": {
				"north": {"uv": [6.5, 8.5, 6.75, 8.75], "texture": "#0"},
				"east": {"uv": [8.5, 6.5, 8.75, 6.75], "texture": "#0"},
				"south": {"uv": [7, 8.5, 7.25, 8.75], "texture": "#0"},
				"west": {"uv": [8.5, 7, 8.75, 7.25], "texture": "#0"},
				"up": {"uv": [7.75, 8.75, 7.5, 8.5], "texture": "#0"},
				"down": {"uv": [8.75, 7.5, 8.5, 7.75], "texture": "#0"}
			}
		},
		{
			"from": [9.1, 2, 7.4],
			"to": [9.3, 2.2, 7.6],
			"rotation": {"angle": 0, "axis": "y", "origin": [-0.6, 1.4, 0]},
			"faces": {
				"north": {"uv": [8, 8.5, 8.25, 8.75], "texture": "#0"},
				"east": {"uv": [8.5, 8, 8.75, 8.25], "texture": "#0"},
				"south": {"uv": [8.5, 8.5, 8.75, 8.75], "texture": "#0"},
				"west": {"uv": [8.75, 0, 9, 0.25], "texture": "#0"},
				"up": {"uv": [9, 0.75, 8.75, 0.5], "texture": "#0"},
				"down": {"uv": [9, 2, 8.75, 2.25], "texture": "#0"}
			}
		},
		{
			"from": [8.5, 1.9, 7.4],
			"to": [8.8, 2.3, 7.6],
			"rotation": {"angle": 0, "axis": "y", "origin": [-0.6, 1.4, 0]},
			"faces": {
				"north": {"uv": [8.75, 2.5, 9, 2.75], "texture": "#0"},
				"east": {"uv": [8.75, 3, 9, 3.25], "texture": "#0"},
				"south": {"uv": [8.75, 4, 9, 4.25], "texture": "#0"},
				"west": {"uv": [8.75, 4.5, 9, 4.75], "texture": "#0"},
				"up": {"uv": [9, 5.25, 8.75, 5], "texture": "#0"},
				"down": {"uv": [0.25, 9, 0, 9.25], "texture": "#0"}
			}
		},
		{
			"from": [8.5, 2, 7.3],
			"to": [8.8, 2.2, 7.7],
			"rotation": {"angle": 0, "axis": "y", "origin": [-0.6, 1.4, 0]},
			"faces": {
				"north": {"uv": [0.5, 9, 0.75, 9.25], "texture": "#0"},
				"east": {"uv": [1, 9, 1.25, 9.25], "texture": "#0"},
				"south": {"uv": [9, 1, 9.25, 1.25], "texture": "#0"},
				"west": {"uv": [1.5, 9, 1.75, 9.25], "texture": "#0"},
				"up": {"uv": [9.25, 1.75, 9, 1.5], "texture": "#0"},
				"down": {"uv": [2.25, 9, 2, 9.25], "texture": "#0"}
			}
		},
		{
			"from": [9.45, 2.075, 7.475],
			"to": [9.6, 2.125, 7.525],
			"rotation": {"angle": 0, "axis": "y", "origin": [-0.6, 1.4, 0]},
			"faces": {
				"north": {"uv": [2.5, 9, 2.75, 9.25], "texture": "#0"},
				"east": {"uv": [3, 9, 3.25, 9.25], "texture": "#0"},
				"south": {"uv": [3.5, 9, 3.75, 9.25], "texture": "#0"},
				"west": {"uv": [9, 3.5, 9.25, 3.75], "texture": "#0"},
				"up": {"uv": [4.25, 9.25, 4, 9], "texture": "#0"},
				"down": {"uv": [4.75, 9, 4.5, 9.25], "texture": "#0"}
			}
		},
		{
			"from": [8.8, 2, 7.35],
			"to": [9.1, 2.2, 7.65],
			"rotation": {"angle": 0, "axis": "y", "origin": [-0.6, 1.4, 0]},
			"faces": {
				"north": {"uv": [5, 9, 5.25, 9.25], "texture": "#0"},
				"east": {"uv": [5.5, 9, 5.75, 9.25], "texture": "#0"},
				"south": {"uv": [9, 5.5, 9.25, 5.75], "texture": "#0"},
				"west": {"uv": [6, 9, 6.25, 9.25], "texture": "#0"},
				"up": {"uv": [9.25, 6.25, 9, 6], "texture": "#0"},
				"down": {"uv": [6.75, 9, 6.5, 9.25], "texture": "#0"}
			}
		},
		{
			"from": [8.8, 1.95, 7.4],
			"to": [9.1, 2.25, 7.6],
			"rotation": {"angle": 0, "axis": "y", "origin": [-0.6, 1.4, 0]},
			"faces": {
				"north": {"uv": [9, 6.5, 9.25, 6.75], "texture": "#0"},
				"east": {"uv": [7, 9, 7.25, 9.25], "texture": "#0"},
				"south": {"uv": [9, 7, 9.25, 7.25], "texture": "#0"},
				"west": {"uv": [7.5, 9, 7.75, 9.25], "texture": "#0"},
				"up": {"uv": [9.25, 7.75, 9, 7.5], "texture": "#0"},
				"down": {"uv": [8.25, 9, 8, 9.25], "texture": "#0"}
			}
		},
		{
			"from": [6, 2.5, 7.3],
			"to": [7.9, 3.1, 7.7],
			"rotation": {"angle": 0, "axis": "y", "origin": [-0.6, 2.1, 0]},
			"faces": {
				"north": {"uv": [4.25, 1.5, 4.75, 1.75], "texture": "#0"},
				"east": {"uv": [9, 8, 9.25, 8.25], "texture": "#0"},
				"south": {"uv": [4.25, 3.5, 4.75, 3.75], "texture": "#0"},
				"west": {"uv": [8.5, 9, 8.75, 9.25], "texture": "#0"},
				"up": {"uv": [0.5, 4.75, 0, 4.5], "texture": "#0"},
				"down": {"uv": [1.25, 4.5, 0.75, 4.75], "texture": "#0"}
			}
		},
		{
			"from": [6, 2.6, 7.2],
			"to": [7.9, 3, 7.8],
			"rotation": {"angle": 0, "axis": "y", "origin": [-0.6, 2.1, 0]},
			"faces": {
				"north": {"uv": [1.5, 4.5, 2, 4.75], "texture": "#0"},
				"east": {"uv": [9, 8.5, 9.25, 8.75], "texture": "#0"},
				"south": {"uv": [4.5, 2, 5, 2.25], "texture": "#0"},
				"west": {"uv": [9, 9, 9.25, 9.25], "texture": "#0"},
				"up": {"uv": [2.75, 4.75, 2.25, 4.5], "texture": "#0"},
				"down": {"uv": [5, 2.5, 4.5, 2.75], "texture": "#0"}
			}
		},
		{
			"from": [7.9, 2.7, 7.3],
			"to": [8.5, 2.9, 7.7],
			"rotation": {"angle": 0, "axis": "y", "origin": [-0.6, 2.1, 0]},
			"faces": {
				"north": {"uv": [9.25, 0, 9.5, 0.25], "texture": "#0"},
				"east": {"uv": [9.25, 0.5, 9.5, 0.75], "texture": "#0"},
				"south": {"uv": [9.25, 2, 9.5, 2.25], "texture": "#0"},
				"west": {"uv": [9.25, 2.5, 9.5, 2.75], "texture": "#0"},
				"up": {"uv": [9.5, 3.25, 9.25, 3], "texture": "#0"},
				"down": {"uv": [9.5, 4, 9.25, 4.25], "texture": "#0"}
			}
		},
		{
			"from": [7.9, 2.6, 7.4],
			"to": [8.5, 3, 7.6],
			"rotation": {"angle": 0, "axis": "y", "origin": [-0.6, 2.1, 0]},
			"faces": {
				"north": {"uv": [9.25, 4.5, 9.5, 4.75], "texture": "#0"},
				"east": {"uv": [9.25, 5, 9.5, 5.25], "texture": "#0"},
				"south": {"uv": [0, 9.5, 0.25, 9.75], "texture": "#0"},
				"west": {"uv": [0.5, 9.5, 0.75, 9.75], "texture": "#0"},
				"up": {"uv": [1.25, 9.75, 1, 9.5], "texture": "#0"},
				"down": {"uv": [9.75, 1, 9.5, 1.25], "texture": "#0"}
			}
		},
		{
			"from": [4.7, 8.715, 7.35],
			"to": [5, 8.815, 7.65],
			"rotation": {"angle": -45, "axis": "z", "origin": [-0.6, 2.1, 0]},
			"faces": {
				"north": {"uv": [1.5, 9.5, 1.75, 9.75], "texture": "#0"},
				"east": {"uv": [9.5, 1.5, 9.75, 1.75], "texture": "#0"},
				"south": {"uv": [2, 9.5, 2.25, 9.75], "texture": "#0"},
				"west": {"uv": [2.5, 9.5, 2.75, 9.75], "texture": "#0"},
				"up": {"uv": [3.25, 9.75, 3, 9.5], "texture": "#0"},
				"down": {"uv": [3.75, 9.5, 3.5, 9.75], "texture": "#0"}
			}
		},
		{
			"from": [5.03, 8.39, 7.35],
			"to": [5.13, 8.69, 7.65],
			"rotation": {"angle": -45, "axis": "z", "origin": [-0.6, 2.1, 0]},
			"faces": {
				"north": {"uv": [9.5, 3.5, 9.75, 3.75], "texture": "#0"},
				"east": {"uv": [4, 9.5, 4.25, 9.75], "texture": "#0"},
				"south": {"uv": [4.5, 9.5, 4.75, 9.75], "texture": "#0"},
				"west": {"uv": [5, 9.5, 5.25, 9.75], "texture": "#0"},
				"up": {"uv": [5.75, 9.75, 5.5, 9.5], "texture": "#0"},
				"down": {"uv": [9.75, 5.5, 9.5, 5.75], "texture": "#0"}
			}
		},
		{
			"from": [10.5, 2.65, -0.92],
			"to": [10.8, 2.95, -0.82],
			"rotation": {"angle": -45, "axis": "y", "origin": [-0.6, 2.1, 0]},
			"faces": {
				"north": {"uv": [6, 9.5, 6.25, 9.75], "texture": "#0"},
				"east": {"uv": [9.5, 6, 9.75, 6.25], "texture": "#0"},
				"south": {"uv": [6.5, 9.5, 6.75, 9.75], "texture": "#0"},
				"west": {"uv": [9.5, 6.5, 9.75, 6.75], "texture": "#0"},
				"up": {"uv": [7.25, 9.75, 7, 9.5], "texture": "#0"},
				"down": {"uv": [9.75, 7, 9.5, 7.25], "texture": "#0"}
			}
		},
		{
			"from": [10.83, 2.65, -0.795],
			"to": [10.93, 2.95, -0.495],
			"rotation": {"angle": -45, "axis": "y", "origin": [-0.6, 2.1, 0]},
			"faces": {
				"north": {"uv": [7.5, 9.5, 7.75, 9.75], "texture": "#0"},
				"east": {"uv": [9.5, 7.5, 9.75, 7.75], "texture": "#0"},
				"south": {"uv": [8, 9.5, 8.25, 9.75], "texture": "#0"},
				"west": {"uv": [9.5, 8, 9.75, 8.25], "texture": "#0"},
				"up": {"uv": [8.75, 9.75, 8.5, 9.5], "texture": "#0"},
				"down": {"uv": [9.75, 8.5, 9.5, 8.75], "texture": "#0"}
			}
		},
		{
			"from": [9.3, 2.75, 7.45],
			"to": [9.45, 2.85, 7.55],
			"rotation": {"angle": 0, "axis": "y", "origin": [-0.6, 2.1, 0]},
			"faces": {
				"north": {"uv": [9, 9.5, 9.25, 9.75], "texture": "#0"},
				"east": {"uv": [9.5, 9, 9.75, 9.25], "texture": "#0"},
				"south": {"uv": [9.5, 9.5, 9.75, 9.75], "texture": "#0"},
				"west": {"uv": [9.75, 0, 10, 0.25], "texture": "#0"},
				"up": {"uv": [10, 0.75, 9.75, 0.5], "texture": "#0"},
				"down": {"uv": [10, 2, 9.75, 2.25], "texture": "#0"}
			}
		},
		{
			"from": [9.1, 2.7, 7.4],
			"to": [9.3, 2.9, 7.6],
			"rotation": {"angle": 0, "axis": "y", "origin": [-0.6, 2.1, 0]},
			"faces": {
				"north": {"uv": [9.75, 2.5, 10, 2.75], "texture": "#0"},
				"east": {"uv": [9.75, 3, 10, 3.25], "texture": "#0"},
				"south": {"uv": [9.75, 4, 10, 4.25], "texture": "#0"},
				"west": {"uv": [9.75, 4.5, 10, 4.75], "texture": "#0"},
				"up": {"uv": [10, 5.25, 9.75, 5], "texture": "#0"},
				"down": {"uv": [0.25, 10, 0, 10.25], "texture": "#0"}
			}
		},
		{
			"from": [8.5, 2.6, 7.4],
			"to": [8.8, 3, 7.6],
			"rotation": {"angle": 0, "axis": "y", "origin": [-0.6, 2.1, 0]},
			"faces": {
				"north": {"uv": [0.5, 10, 0.75, 10.25], "texture": "#0"},
				"east": {"uv": [1, 10, 1.25, 10.25], "texture": "#0"},
				"south": {"uv": [10, 1, 10.25, 1.25], "texture": "#0"},
				"west": {"uv": [1.5, 10, 1.75, 10.25], "texture": "#0"},
				"up": {"uv": [10.25, 1.75, 10, 1.5], "texture": "#0"},
				"down": {"uv": [2.25, 10, 2, 10.25], "texture": "#0"}
			}
		},
		{
			"from": [8.5, 2.7, 7.3],
			"to": [8.8, 2.9, 7.7],
			"rotation": {"angle": 0, "axis": "y", "origin": [-0.6, 2.1, 0]},
			"faces": {
				"north": {"uv": [2.5, 10, 2.75, 10.25], "texture": "#0"},
				"east": {"uv": [3, 10, 3.25, 10.25], "texture": "#0"},
				"south": {"uv": [3.5, 10, 3.75, 10.25], "texture": "#0"},
				"west": {"uv": [10, 3.5, 10.25, 3.75], "texture": "#0"},
				"up": {"uv": [4.25, 10.25, 4, 10], "texture": "#0"},
				"down": {"uv": [4.75, 10, 4.5, 10.25], "texture": "#0"}
			}
		},
		{
			"from": [9.45, 2.775, 7.475],
			"to": [9.6, 2.825, 7.525],
			"rotation": {"angle": 0, "axis": "y", "origin": [-0.6, 2.1, 0]},
			"faces": {
				"north": {"uv": [5, 10, 5.25, 10.25], "texture": "#0"},
				"east": {"uv": [5.5, 10, 5.75, 10.25], "texture": "#0"},
				"south": {"uv": [10, 5.5, 10.25, 5.75], "texture": "#0"},
				"west": {"uv": [6, 10, 6.25, 10.25], "texture": "#0"},
				"up": {"uv": [10.25, 6.25, 10, 6], "texture": "#0"},
				"down": {"uv": [6.75, 10, 6.5, 10.25], "texture": "#0"}
			}
		},
		{
			"from": [8.8, 2.7, 7.35],
			"to": [9.1, 2.9, 7.65],
			"rotation": {"angle": 0, "axis": "y", "origin": [-0.6, 2.1, 0]},
			"faces": {
				"north": {"uv": [10, 6.5, 10.25, 6.75], "texture": "#0"},
				"east": {"uv": [7, 10, 7.25, 10.25], "texture": "#0"},
				"south": {"uv": [10, 7, 10.25, 7.25], "texture": "#0"},
				"west": {"uv": [7.5, 10, 7.75, 10.25], "texture": "#0"},
				"up": {"uv": [10.25, 7.75, 10, 7.5], "texture": "#0"},
				"down": {"uv": [8.25, 10, 8, 10.25], "texture": "#0"}
			}
		},
		{
			"from": [8.8, 2.65, 7.4],
			"to": [9.1, 2.95, 7.6],
			"rotation": {"angle": 0, "axis": "y", "origin": [-0.6, 2.1, 0]},
			"faces": {
				"north": {"uv": [10, 8, 10.25, 8.25], "texture": "#0"},
				"east": {"uv": [8.5, 10, 8.75, 10.25], "texture": "#0"},
				"south": {"uv": [10, 8.5, 10.25, 8.75], "texture": "#0"},
				"west": {"uv": [9, 10, 9.25, 10.25], "texture": "#0"},
				"up": {"uv": [10.25, 9.25, 10, 9], "texture": "#0"},
				"down": {"uv": [9.75, 10, 9.5, 10.25], "texture": "#0"}
			}
		},
		{
			"from": [6, 3.2, 7.3],
			"to": [7.9, 3.8, 7.7],
			"rotation": {"angle": 0, "axis": "y", "origin": [-0.6, 2.8, 0]},
			"faces": {
				"north": {"uv": [3, 4.5, 3.5, 4.75], "texture": "#0"},
				"east": {"uv": [10, 9.5, 10.25, 9.75], "texture": "#0"},
				"south": {"uv": [4.5, 3, 5, 3.25], "texture": "#0"},
				"west": {"uv": [10, 10, 10.25, 10.25], "texture": "#0"},
				"up": {"uv": [4.25, 4.75, 3.75, 4.5], "texture": "#0"},
				"down": {"uv": [5, 4, 4.5, 4.25], "texture": "#0"}
			}
		},
		{
			"from": [6, 3.3, 7.2],
			"to": [7.9, 3.7, 7.8],
			"rotation": {"angle": 0, "axis": "y", "origin": [-0.6, 2.8, 0]},
			"faces": {
				"north": {"uv": [4.5, 4.5, 5, 4.75], "texture": "#0"},
				"east": {"uv": [10.25, 0, 10.5, 0.25], "texture": "#0"},
				"south": {"uv": [0, 5, 0.5, 5.25], "texture": "#0"},
				"west": {"uv": [10.25, 0.5, 10.5, 0.75], "texture": "#0"},
				"up": {"uv": [5.5, 0.25, 5, 0], "texture": "#0"},
				"down": {"uv": [5.5, 0.5, 5, 0.75], "texture": "#0"}
			}
		},
		{
			"from": [7.9, 3.4, 7.3],
			"to": [8.5, 3.6, 7.7],
			"rotation": {"angle": 0, "axis": "y", "origin": [-0.6, 2.8, 0]},
			"faces": {
				"north": {"uv": [10.25, 2, 10.5, 2.25], "texture": "#0"},
				"east": {"uv": [10.25, 2.5, 10.5, 2.75], "texture": "#0"},
				"south": {"uv": [10.25, 3, 10.5, 3.25], "texture": "#0"},
				"west": {"uv": [10.25, 4, 10.5, 4.25], "texture": "#0"},
				"up": {"uv": [10.5, 4.75, 10.25, 4.5], "texture": "#0"},
				"down": {"uv": [10.5, 5, 10.25, 5.25], "texture": "#0"}
			}
		},
		{
			"from": [7.9, 3.3, 7.4],
			"to": [8.5, 3.7, 7.6],
			"rotation": {"angle": 0, "axis": "y", "origin": [-0.6, 2.8, 0]},
			"faces": {
				"north": {"uv": [0, 10.5, 0.25, 10.75], "texture": "#0"},
				"east": {"uv": [0.5, 10.5, 0.75, 10.75], "texture": "#0"},
				"south": {"uv": [1, 10.5, 1.25, 10.75], "texture": "#0"},
				"west": {"uv": [10.5, 1, 10.75, 1.25], "texture": "#0"},
				"up": {"uv": [1.75, 10.75, 1.5, 10.5], "texture": "#0"},
				"down": {"uv": [10.75, 1.5, 10.5, 1.75], "texture": "#0"}
			}
		},
		{
			"from": [4.7, 9.415, 7.35],
			"to": [5, 9.515, 7.65],
			"rotation": {"angle": -45, "axis": "z", "origin": [-0.6, 2.8, 0]},
			"faces": {
				"north": {"uv": [2, 10.5, 2.25, 10.75], "texture": "#0"},
				"east": {"uv": [2.5, 10.5, 2.75, 10.75], "texture": "#0"},
				"south": {"uv": [3, 10.5, 3.25, 10.75], "texture": "#0"},
				"west": {"uv": [3.5, 10.5, 3.75, 10.75], "texture": "#0"},
				"up": {"uv": [10.75, 3.75, 10.5, 3.5], "texture": "#0"},
				"down": {"uv": [4.25, 10.5, 4, 10.75], "texture": "#0"}
			}
		},
		{
			"from": [5.03, 9.09, 7.35],
			"to": [5.13, 9.39, 7.65],
			"rotation": {"angle": -45, "axis": "z", "origin": [-0.6, 2.8, 0]},
			"faces": {
				"north": {"uv": [4.5, 10.5, 4.75, 10.75], "texture": "#0"},
				"east": {"uv": [5, 10.5, 5.25, 10.75], "texture": "#0"},
				"south": {"uv": [5.5, 10.5, 5.75, 10.75], "texture": "#0"},
				"west": {"uv": [10.5, 5.5, 10.75, 5.75], "texture": "#0"},
				"up": {"uv": [6.25, 10.75, 6, 10.5], "texture": "#0"},
				"down": {"uv": [10.75, 6, 10.5, 6.25], "texture": "#0"}
			}
		},
		{
			"from": [10.5, 3.35, -0.92],
			"to": [10.8, 3.65, -0.82],
			"rotation": {"angle": -45, "axis": "y", "origin": [-0.6, 2.8, 0]},
			"faces": {
				"north": {"uv": [6.5, 10.5, 6.75, 10.75], "texture": "#0"},
				"east": {"uv": [10.5, 6.5, 10.75, 6.75], "texture": "#0"},
				"south": {"uv": [7, 10.5, 7.25, 10.75], "texture": "#0"},
				"west": {"uv": [10.5, 7, 10.75, 7.25], "texture": "#0"},
				"up": {"uv": [7.75, 10.75, 7.5, 10.5], "texture": "#0"},
				"down": {"uv": [10.75, 7.5, 10.5, 7.75], "texture": "#0"}
			}
		},
		{
			"from": [10.83, 3.35, -0.795],
			"to": [10.93, 3.65, -0.495],
			"rotation": {"angle": -45, "axis": "y", "origin": [-0.6, 2.8, 0]},
			"faces": {
				"north": {"uv": [8, 10.5, 8.25, 10.75], "texture": "#0"},
				"east": {"uv": [10.5, 8, 10.75, 8.25], "texture": "#0"},
				"south": {"uv": [8.5, 10.5, 8.75, 10.75], "texture": "#0"},
				"west": {"uv": [10.5, 8.5, 10.75, 8.75], "texture": "#0"},
				"up": {"uv": [9.25, 10.75, 9, 10.5], "texture": "#0"},
				"down": {"uv": [10.75, 9, 10.5, 9.25], "texture": "#0"}
			}
		},
		{
			"from": [9.3, 3.45, 7.45],
			"to": [9.45, 3.55, 7.55],
			"rotation": {"angle": 0, "axis": "y", "origin": [-0.6, 2.8, 0]},
			"faces": {
				"north": {"uv": [9.5, 10.5, 9.75, 10.75], "texture": "#0"},
				"east": {"uv": [10.5, 9.5, 10.75, 9.75], "texture": "#0"},
				"south": {"uv": [10, 10.5, 10.25, 10.75], "texture": "#0"},
				"west": {"uv": [10.5, 10, 10.75, 10.25], "texture": "#0"},
				"up": {"uv": [10.75, 10.75, 10.5, 10.5], "texture": "#0"},
				"down": {"uv": [11, 0, 10.75, 0.25], "texture": "#0"}
			}
		},
		{
			"from": [9.1, 3.4, 7.4],
			"to": [9.3, 3.6, 7.6],
			"rotation": {"angle": 0, "axis": "y", "origin": [-0.6, 2.8, 0]},
			"faces": {
				"north": {"uv": [10.75, 0.5, 11, 0.75], "texture": "#0"},
				"east": {"uv": [10.75, 2, 11, 2.25], "texture": "#0"},
				"south": {"uv": [10.75, 2.5, 11, 2.75], "texture": "#0"},
				"west": {"uv": [10.75, 3, 11, 3.25], "texture": "#0"},
				"up": {"uv": [11, 4.25, 10.75, 4], "texture": "#0"},
				"down": {"uv": [11, 4.5, 10.75, 4.75], "texture": "#0"}
			}
		},
		{
			"from": [8.5, 3.3, 7.4],
			"to": [8.8, 3.7, 7.6],
			"rotation": {"angle": 0, "axis": "y", "origin": [-0.6, 2.8, 0]},
			"faces": {
				"north": {"uv": [10.75, 5, 11, 5.25], "texture": "#0"},
				"east": {"uv": [0, 11, 0.25, 11.25], "texture": "#0"},
				"south": {"uv": [0.5, 11, 0.75, 11.25], "texture": "#0"},
				"west": {"uv": [1, 11, 1.25, 11.25], "texture": "#0"},
				"up": {"uv": [11.25, 1.25, 11, 1], "texture": "#0"},
				"down": {"uv": [1.75, 11, 1.5, 11.25], "texture": "#0"}
			}
		},
		{
			"from": [8.5, 3.4, 7.3],
			"to": [8.8, 3.6, 7.7],
			"rotation": {"angle": 0, "axis": "y", "origin": [-0.6, 2.8, 0]},
			"faces": {
				"north": {"uv": [11, 1.5, 11.25, 1.75], "texture": "#0"},
				"east": {"uv": [2, 11, 2.25, 11.25], "texture": "#0"},
				"south": {"uv": [2.5, 11, 2.75, 11.25], "texture": "#0"},
				"west": {"uv": [3, 11, 3.25, 11.25], "texture": "#0"},
				"up": {"uv": [3.75, 11.25, 3.5, 11], "texture": "#0"},
				"down": {"uv": [11.25, 3.5, 11, 3.75], "texture": "#0"}
			}
		},
		{
			"from": [9.45, 3.475, 7.475],
			"to": [9.6, 3.525, 7.525],
			"rotation": {"angle": 0, "axis": "y", "origin": [-0.6, 2.8, 0]},
			"faces": {
				"north": {"uv": [4, 11, 4.25, 11.25], "texture": "#0"},
				"east": {"uv": [4.5, 11, 4.75, 11.25], "texture": "#0"},
				"south": {"uv": [5, 11, 5.25, 11.25], "texture": "#0"},
				"west": {"uv": [5.5, 11, 5.75, 11.25], "texture": "#0"},
				"up": {"uv": [11.25, 5.75, 11, 5.5], "texture": "#0"},
				"down": {"uv": [6.25, 11, 6, 11.25], "texture": "#0"}
			}
		},
		{
			"from": [8.8, 3.4, 7.35],
			"to": [9.1, 3.6, 7.65],
			"rotation": {"angle": 0, "axis": "y", "origin": [-0.6, 2.8, 0]},
			"faces": {
				"north": {"uv": [11, 6, 11.25, 6.25], "texture": "#0"},
				"east": {"uv": [6.5, 11, 6.75, 11.25], "texture": "#0"},
				"south": {"uv": [11, 6.5, 11.25, 6.75], "texture": "#0"},
				"west": {"uv": [7, 11, 7.25, 11.25], "texture": "#0"},
				"up": {"uv": [11.25, 7.25, 11, 7], "texture": "#0"},
				"down": {"uv": [7.75, 11, 7.5, 11.25], "texture": "#0"}
			}
		},
		{
			"from": [8.8, 3.35, 7.4],
			"to": [9.1, 3.65, 7.6],
			"rotation": {"angle": 0, "axis": "y", "origin": [-0.6, 2.8, 0]},
			"faces": {
				"north": {"uv": [11, 7.5, 11.25, 7.75], "texture": "#0"},
				"east": {"uv": [8, 11, 8.25, 11.25], "texture": "#0"},
				"south": {"uv": [11, 8, 11.25, 8.25], "texture": "#0"},
				"west": {"uv": [8.5, 11, 8.75, 11.25], "texture": "#0"},
				"up": {"uv": [11.25, 8.75, 11, 8.5], "texture": "#0"},
				"down": {"uv": [9.25, 11, 9, 11.25], "texture": "#0"}
			}
		},
		{
			"from": [5.95, 0.3, 7.1],
			"to": [6, 3.9, 7.9],
			"faces": {
				"north": {"uv": [0, 0, 0.25, 1], "texture": "#0"},
				"east": {"uv": [0.5, 0, 0.75, 1], "texture": "#0"},
				"south": {"uv": [1, 0, 1.25, 1], "texture": "#0"},
				"west": {"uv": [0, 1.25, 0.25, 2.25], "texture": "#0"},
				"up": {"uv": [11.25, 9.25, 11, 9], "texture": "#0"},
				"down": {"uv": [9.75, 11, 9.5, 11.25], "texture": "#0"}
			}
		},
		{
			"from": [6.15, 0.4, 7.15],
			"to": [6.65, 3.8, 7.2],
			"faces": {
				"north": {"uv": [2, 2.5, 2.25, 3.25], "texture": "#0"},
				"east": {"uv": [2.5, 2.25, 2.75, 3], "texture": "#0"},
				"south": {"uv": [3, 0, 3.25, 0.75], "texture": "#0"},
				"west": {"uv": [3, 1, 3.25, 1.75], "texture": "#0"},
				"up": {"uv": [11.25, 10.25, 11, 10], "texture": "#0"},
				"down": {"uv": [10.75, 11, 10.5, 11.25], "texture": "#0"}
			}
		},
		{
			"from": [6.15, 3.8, 7.15],
			"to": [6.55, 3.9, 7.2],
			"faces": {
				"north": {"uv": [11, 10.5, 11.25, 10.75], "texture": "#0"},
				"east": {"uv": [11, 11, 11.25, 11.25], "texture": "#0"},
				"south": {"uv": [11.25, 0, 11.5, 0.25], "texture": "#0"},
				"west": {"uv": [11.25, 0.5, 11.5, 0.75], "texture": "#0"},
				"up": {"uv": [11.5, 2.25, 11.25, 2], "texture": "#0"},
				"down": {"uv": [11.5, 2.5, 11.25, 2.75], "texture": "#0"}
			}
		},
		{
			"from": [6.15, 3.8, 7.8],
			"to": [6.55, 3.9, 7.85],
			"faces": {
				"north": {"uv": [11.25, 3, 11.5, 3.25], "texture": "#0"},
				"east": {"uv": [11.25, 4, 11.5, 4.25], "texture": "#0"},
				"south": {"uv": [11.25, 4.5, 11.5, 4.75], "texture": "#0"},
				"west": {"uv": [11.25, 5, 11.5, 5.25], "texture": "#0"},
				"up": {"uv": [0.25, 11.75, 0, 11.5], "texture": "#0"},
				"down": {"uv": [0.75, 11.5, 0.5, 11.75], "texture": "#0"}
			}
		},
		{
			"from": [6.15, 0.3, 7.15],
			"to": [6.55, 0.4, 7.2],
			"faces": {
				"north": {"uv": [3, 11.5, 3.25, 11.75], "texture": "#0"},
				"east": {"uv": [3.5, 11.5, 3.75, 11.75], "texture": "#0"},
				"south": {"uv": [11.5, 3.5, 11.75, 3.75], "texture": "#0"},
				"west": {"uv": [4, 11.5, 4.25, 11.75], "texture": "#0"},
				"up": {"uv": [4.75, 11.75, 4.5, 11.5], "texture": "#0"},
				"down": {"uv": [5.25, 11.5, 5, 11.75], "texture": "#0"}
			}
		},
		{
			"from": [6.15, 0.3, 7.8],
			"to": [6.55, 0.4, 7.85],
			"faces": {
				"north": {"uv": [1, 11.5, 1.25, 11.75], "texture": "#0"},
				"east": {"uv": [11.5, 1, 11.75, 1.25], "texture": "#0"},
				"south": {"uv": [1.5, 11.5, 1.75, 11.75], "texture": "#0"},
				"west": {"uv": [11.5, 1.5, 11.75, 1.75], "texture": "#0"},
				"up": {"uv": [2.25, 11.75, 2, 11.5], "texture": "#0"},
				"down": {"uv": [2.75, 11.5, 2.5, 11.75], "texture": "#0"}
			}
		},
		{
			"from": [6.15, 0.4, 7.8],
			"to": [6.65, 3.8, 7.85],
			"faces": {
				"north": {"uv": [0.5, 2.5, 0.75, 3.25], "texture": "#0"},
				"east": {"uv": [1, 2.5, 1.25, 3.25], "texture": "#0"},
				"south": {"uv": [2.5, 1.25, 2.75, 2], "texture": "#0"},
				"west": {"uv": [1.5, 2.5, 1.75, 3.25], "texture": "#0"},
				"up": {"uv": [11.25, 9.75, 11, 9.5], "texture": "#0"},
				"down": {"uv": [10.25, 11, 10, 11.25], "texture": "#0"}
			}
		},
		{
			"from": [6, 0.3, 7.85],
			"to": [6.15, 3.9, 7.9],
			"faces": {
				"north": {"uv": [2, 0, 2.25, 1], "texture": "#0"},
				"east": {"uv": [2, 1.25, 2.25, 2.25], "texture": "#0"},
				"south": {"uv": [0, 2.5, 0.25, 3.5], "texture": "#0"},
				"west": {"uv": [2.5, 0, 2.75, 1], "texture": "#0"},
				"up": {"uv": [6.25, 11.75, 6, 11.5], "texture": "#0"},
				"down": {"uv": [11.75, 6, 11.5, 6.25], "texture": "#0"}
			}
		},
		{
			"from": [6, 0.3, 7.1],
			"to": [6.15, 3.9, 7.15],
			"faces": {
				"north": {"uv": [0.5, 1.25, 0.75, 2.25], "texture": "#0"},
				"east": {"uv": [1, 1.25, 1.25, 2.25], "texture": "#0"},
				"south": {"uv": [1.5, 0, 1.75, 1], "texture": "#0"},
				"west": {"uv": [1.5, 1.25, 1.75, 2.25], "texture": "#0"},
				"up": {"uv": [5.75, 11.75, 5.5, 11.5], "texture": "#0"},
				"down": {"uv": [11.75, 5.5, 11.5, 5.75], "texture": "#0"}
			}
		}
	],
	"display": {
		"thirdperson_righthand": {
			"rotation": [67.5, -81.75, 157.5],
			"translation": [-1, -1.5, -7.75]
		},
		"thirdperson_lefthand": {
			"rotation": [-111.72, 84.75, 20.98],
			"translation": [0.5, -1.5, -7.75]
		},
		"firstperson_righthand": {
			"rotation": [0, 90, 0],
			"translation": [-4.25, 11.5, 7]
		},
		"firstperson_lefthand": {
			"rotation": [0, -90, 0],
			"translation": [-4.25, 11.5, 7]
		},
		"ground": {
			"translation": [0, 5, 0]
		},
		"gui": {
			"rotation": [0, 180, 0],
			"translation": [-1.25, 20.5, 0],
			"scale": [3.5, 3.5, 3.5]
		},
		"head": {
			"rotation": [90, 90, 0],
			"translation": [0.75, 11.5, 14.5],
			"scale": [2.5, 2.5, 1]
		},
		"fixed": {
			"translation": [1, 12.25, 0],
			"scale": [2, 2, 2]
		}
	},
	"groups": [
		{
			"name": "Bullet",
			"origin": [0, 0, 0],
			"color": 0,
			"children": [0, 1, 2, 3, 4, 5, 6, 7, 8, 9, 10, 11, 12, 13, 14]
		},
		{
			"name": "Bullet_2",
			"origin": [0, 0, 0],
			"color": 0,
			"children": [15, 16, 17, 18, 19, 20, 21, 22, 23, 24, 25, 26, 27, 28, 29]
		},
		{
			"name": "Bullet_3",
			"origin": [0, 0, 0],
			"color": 0,
			"children": [30, 31, 32, 33, 34, 35, 36, 37, 38, 39, 40, 41, 42, 43, 44]
		},
		{
			"name": "Bullet_4",
			"origin": [0, 0, 0],
			"color": 0,
			"children": [45, 46, 47, 48, 49, 50, 51, 52, 53, 54, 55, 56, 57, 58, 59]
		},
		{
			"name": "Bullet_5",
			"origin": [0, 0, 0],
			"color": 0,
			"children": [
				60,
				61,
				62,
				63,
				64,
				65,
				66,
				67,
				68,
				69,
				70,
				71,
				72,
				73,
				74,
				{
					"name": "group",
					"origin": [0, 0, 0],
					"color": 0,
					"children": [75, 76, 77, 78, 79, 80, 81, 82, 83]
				}
			]
		}
	]
}