{
	"credit": "Made with Blockbench",
	"textures": {
		"0": "qualityarmory:all/mauser_98",
		"particle": "qualityarmory:all/mauser_98"
	},
	"elements": [
		{
			"from": [2.6, 2.3, 8.375],
			"to": [2.7, 2.9, 8.625],
			"faces": {
				"north": {"uv": [7.5, 10, 7.75, 10.25], "texture": "#0"},
				"east": {"uv": [10, 7.5, 10.25, 7.75], "texture": "#0"},
				"south": {"uv": [8, 10, 8.25, 10.25], "texture": "#0"},
				"west": {"uv": [10, 8, 10.25, 8.25], "texture": "#0"},
				"up": {"uv": [8.75, 10.25, 8.5, 10], "texture": "#0"},
				"down": {"uv": [10.25, 8.5, 10, 8.75], "texture": "#0"}
			}
		},
		{
			"from": [3.6, 2.3, 8.375],
			"to": [3.7, 2.9, 8.625],
			"faces": {
				"north": {"uv": [10.5, 0, 10.75, 0.25], "texture": "#0"},
				"east": {"uv": [0.5, 10.5, 0.75, 10.75], "texture": "#0"},
				"south": {"uv": [10.5, 0.5, 10.75, 0.75], "texture": "#0"},
				"west": {"uv": [1, 10.5, 1.25, 10.75], "texture": "#0"},
				"up": {"uv": [10.75, 1.25, 10.5, 1], "texture": "#0"},
				"down": {"uv": [1.75, 10.5, 1.5, 10.75], "texture": "#0"}
			}
		},
		{
			"from": [3.8, 1.05, 8.375],
			"to": [3.9, 1.65, 8.625],
			"rotation": {"angle": 22.5, "axis": "z", "origin": [0, 0, 0]},
			"faces": {
				"north": {"uv": [10.5, 1.5, 10.75, 1.75], "texture": "#0"},
				"east": {"uv": [2, 10.5, 2.25, 10.75], "texture": "#0"},
				"south": {"uv": [10.5, 2, 10.75, 2.25], "texture": "#0"},
				"west": {"uv": [2.5, 10.5, 2.75, 10.75], "texture": "#0"},
				"up": {"uv": [10.75, 2.75, 10.5, 2.5], "texture": "#0"},
				"down": {"uv": [3.25, 10.5, 3, 10.75], "texture": "#0"}
			}
		},
		{
			"from": [2.7, 2.2, 8.375],
			"to": [3.6, 2.3, 8.625],
			"faces": {
				"north": {"uv": [9, 10, 9.25, 10.25], "texture": "#0"},
				"east": {"uv": [10, 9, 10.25, 9.25], "texture": "#0"},
				"south": {"uv": [9.5, 10, 9.75, 10.25], "texture": "#0"},
				"west": {"uv": [10, 9.5, 10.25, 9.75], "texture": "#0"},
				"up": {"uv": [10.25, 10.25, 10, 10], "texture": "#0"},
				"down": {"uv": [0.25, 10.5, 0, 10.75], "texture": "#0"}
			}
		},
		{
			"from": [3, 6.8, 6.4],
			"to": [3.2, 7, 7.1],
			"rotation": {"angle": 22.5, "axis": "x", "origin": [0, 0, 0]},
			"faces": {
				"north": {"uv": [6, 10, 6.25, 10.25], "texture": "#0"},
				"east": {"uv": [10, 6, 10.25, 6.25], "texture": "#0"},
				"south": {"uv": [6.5, 10, 6.75, 10.25], "texture": "#0"},
				"west": {"uv": [10, 6.5, 10.25, 6.75], "texture": "#0"},
				"up": {"uv": [7.25, 10.25, 7, 10], "texture": "#0"},
				"down": {"uv": [10.25, 7, 10, 7.25], "texture": "#0"}
			}
		},
		{
			"from": [5.3, 6.6, 8.35],
			"to": [6, 6.7, 8.65],
			"rotation": {"angle": -22.5, "axis": "z", "origin": [0, 0, 0]},
			"faces": {
				"north": {"uv": [1.5, 10, 1.75, 10.25], "texture": "#0"},
				"east": {"uv": [10, 1.5, 10.25, 1.75], "texture": "#0"},
				"south": {"uv": [2, 10, 2.25, 10.25], "texture": "#0"},
				"west": {"uv": [10, 2, 10.25, 2.25], "texture": "#0"},
				"up": {"uv": [2.75, 10.25, 2.5, 10], "texture": "#0"},
				"down": {"uv": [10.25, 2.5, 10, 2.75], "texture": "#0"}
			}
		},
		{
			"from": [5.2, 6.6, 8.55],
			"to": [5.3, 6.7, 8.65],
			"rotation": {"angle": -22.5, "axis": "z", "origin": [0, 0, 0]},
			"faces": {
				"north": {"uv": [3, 10, 3.25, 10.25], "texture": "#0"},
				"east": {"uv": [10, 3, 10.25, 3.25], "texture": "#0"},
				"south": {"uv": [3.5, 10, 3.75, 10.25], "texture": "#0"},
				"west": {"uv": [10, 3.5, 10.25, 3.75], "texture": "#0"},
				"up": {"uv": [4.25, 10.25, 4, 10], "texture": "#0"},
				"down": {"uv": [10.25, 4, 10, 4.25], "texture": "#0"}
			}
		},
		{
			"from": [5.2, 6.6, 8.35],
			"to": [5.3, 6.7, 8.45],
			"rotation": {"angle": -22.5, "axis": "z", "origin": [0, 0, 0]},
			"faces": {
				"north": {"uv": [4.5, 10, 4.75, 10.25], "texture": "#0"},
				"east": {"uv": [10, 4.5, 10.25, 4.75], "texture": "#0"},
				"south": {"uv": [5, 10, 5.25, 10.25], "texture": "#0"},
				"west": {"uv": [10, 5, 10.25, 5.25], "texture": "#0"},
				"up": {"uv": [5.75, 10.25, 5.5, 10], "texture": "#0"},
				"down": {"uv": [10.25, 5.5, 10, 5.75], "texture": "#0"}
			}
		},
		{
			"from": [-3, 2.4, 8.175],
			"to": [-2.9, 2.8, 8.825],
			"faces": {
				"north": {"uv": [0, 5.5, 0.25, 5.75], "texture": "#0"},
				"east": {"uv": [5.5, 0, 5.75, 0.25], "texture": "#0"},
				"south": {"uv": [0.5, 5.5, 0.75, 5.75], "texture": "#0"},
				"west": {"uv": [5.5, 0.5, 5.75, 0.75], "texture": "#0"},
				"up": {"uv": [1.25, 5.75, 1, 5.5], "texture": "#0"},
				"down": {"uv": [1.75, 5.5, 1.5, 5.75], "texture": "#0"}
			}
		},
		{
			"from": [-3, 2.8, 8.275],
			"to": [-2.9, 2.9, 8.725],
			"faces": {
				"north": {"uv": [7.5, 2, 7.75, 2.25], "texture": "#0"},
				"east": {"uv": [2.5, 7.5, 2.75, 7.75], "texture": "#0"},
				"south": {"uv": [7.5, 2.5, 7.75, 2.75], "texture": "#0"},
				"west": {"uv": [3, 7.5, 3.25, 7.75], "texture": "#0"},
				"up": {"uv": [7.75, 3.25, 7.5, 3], "texture": "#0"},
				"down": {"uv": [3.75, 7.5, 3.5, 7.75], "texture": "#0"}
			}
		},
		{
			"from": [-2.9, 2.9, 8.275],
			"to": [-2, 3, 8.725],
			"faces": {
				"north": {"uv": [7.5, 5, 7.75, 5.25], "texture": "#0"},
				"east": {"uv": [5.5, 7.5, 5.75, 7.75], "texture": "#0"},
				"south": {"uv": [7.5, 5.5, 7.75, 5.75], "texture": "#0"},
				"west": {"uv": [6, 7.5, 6.25, 7.75], "texture": "#0"},
				"up": {"uv": [7.75, 6.25, 7.5, 6], "texture": "#0"},
				"down": {"uv": [6.75, 7.5, 6.5, 7.75], "texture": "#0"}
			}
		},
		{
			"from": [-2.9, 2.4, 8.175],
			"to": [-2, 2.9, 8.825],
			"faces": {
				"north": {"uv": [8.5, 5, 8.75, 5.25], "texture": "#0"},
				"east": {"uv": [5.5, 8.5, 5.75, 8.75], "texture": "#0"},
				"south": {"uv": [8.5, 5.5, 8.75, 5.75], "texture": "#0"},
				"west": {"uv": [6, 8.5, 6.25, 8.75], "texture": "#0"},
				"up": {"uv": [8.75, 6.25, 8.5, 6], "texture": "#0"},
				"down": {"uv": [6.75, 8.5, 6.5, 8.75], "texture": "#0"}
			}
		},
		{
			"from": [-2, 1.6, 8.175],
			"to": [-1.1, 3, 8.825],
			"faces": {
				"north": {"uv": [8.5, 6.5, 8.75, 6.75], "texture": "#0"},
				"east": {"uv": [7, 8.5, 7.25, 8.75], "texture": "#0"},
				"south": {"uv": [8.5, 7, 8.75, 7.25], "texture": "#0"},
				"west": {"uv": [7.5, 8.5, 7.75, 8.75], "texture": "#0"},
				"up": {"uv": [8.75, 7.75, 8.5, 7.5], "texture": "#0"},
				"down": {"uv": [8.25, 8.5, 8, 8.75], "texture": "#0"}
			}
		},
		{
			"from": [-1.1, 2, 8.175],
			"to": [-0.2, 3.1, 8.825],
			"faces": {
				"north": {"uv": [8.5, 8, 8.75, 8.25], "texture": "#0"},
				"east": {"uv": [8.5, 8.5, 8.75, 8.75], "texture": "#0"},
				"south": {"uv": [0, 9, 0.25, 9.25], "texture": "#0"},
				"west": {"uv": [9, 0, 9.25, 0.25], "texture": "#0"},
				"up": {"uv": [0.75, 9.25, 0.5, 9], "texture": "#0"},
				"down": {"uv": [9.25, 0.5, 9, 0.75], "texture": "#0"}
			}
		},
		{
			"from": [-0.2, 2.4, 8.175],
			"to": [0.76, 3.2, 8.825],
			"faces": {
				"north": {"uv": [1, 9, 1.25, 9.25], "texture": "#0"},
				"east": {"uv": [9, 1, 9.25, 1.25], "texture": "#0"},
				"south": {"uv": [1.5, 9, 1.75, 9.25], "texture": "#0"},
				"west": {"uv": [9, 1.5, 9.25, 1.75], "texture": "#0"},
				"up": {"uv": [2.25, 9.25, 2, 9], "texture": "#0"},
				"down": {"uv": [9.25, 2, 9, 2.25], "texture": "#0"}
			}
		},
		{
			"from": [-2, 3, 8.275],
			"to": [-1.1, 3.1, 8.725],
			"faces": {
				"north": {"uv": [7.5, 8, 7.75, 8.25], "texture": "#0"},
				"east": {"uv": [8, 7.5, 8.25, 7.75], "texture": "#0"},
				"south": {"uv": [8, 8, 8.25, 8.25], "texture": "#0"},
				"west": {"uv": [0, 8.5, 0.25, 8.75], "texture": "#0"},
				"up": {"uv": [8.75, 0.25, 8.5, 0], "texture": "#0"},
				"down": {"uv": [0.75, 8.5, 0.5, 8.75], "texture": "#0"}
			}
		},
		{
			"from": [-1.1, 3.1, 8.275],
			"to": [-0.2, 3.2, 8.725],
			"faces": {
				"north": {"uv": [8.5, 0.5, 8.75, 0.75], "texture": "#0"},
				"east": {"uv": [1, 8.5, 1.25, 8.75], "texture": "#0"},
				"south": {"uv": [8.5, 1, 8.75, 1.25], "texture": "#0"},
				"west": {"uv": [1.5, 8.5, 1.75, 8.75], "texture": "#0"},
				"up": {"uv": [8.75, 1.75, 8.5, 1.5], "texture": "#0"},
				"down": {"uv": [2.25, 8.5, 2, 8.75], "texture": "#0"}
			}
		},
		{
			"from": [-0.2, 3.2, 8.275],
			"to": [0.8, 3.3, 8.725],
			"faces": {
				"north": {"uv": [8.5, 2, 8.75, 2.25], "texture": "#0"},
				"east": {"uv": [2.5, 8.5, 2.75, 8.75], "texture": "#0"},
				"south": {"uv": [8.5, 2.5, 8.75, 2.75], "texture": "#0"},
				"west": {"uv": [3, 8.5, 3.25, 8.75], "texture": "#0"},
				"up": {"uv": [8.75, 3.25, 8.5, 3], "texture": "#0"},
				"down": {"uv": [3.75, 8.5, 3.5, 8.75], "texture": "#0"}
			}
		},
		{
			"from": [-2.8, 1.1, 8.175],
			"to": [-2.3, 1.8, 8.825],
			"faces": {
				"north": {"uv": [6.5, 7, 6.75, 7.25], "texture": "#0"},
				"east": {"uv": [7, 6.5, 7.25, 6.75], "texture": "#0"},
				"south": {"uv": [7, 7, 7.25, 7.25], "texture": "#0"},
				"west": {"uv": [0, 7.5, 0.25, 7.75], "texture": "#0"},
				"up": {"uv": [7.75, 0.25, 7.5, 0], "texture": "#0"},
				"down": {"uv": [0.75, 7.5, 0.5, 7.75], "texture": "#0"}
			}
		},
		{
			"from": [-2.3, 1.5, 8.175],
			"to": [-2, 1.8, 8.825],
			"faces": {
				"north": {"uv": [4, 9, 4.25, 9.25], "texture": "#0"},
				"east": {"uv": [9, 4, 9.25, 4.25], "texture": "#0"},
				"south": {"uv": [4.5, 9, 4.75, 9.25], "texture": "#0"},
				"west": {"uv": [9, 4.5, 9.25, 4.75], "texture": "#0"},
				"up": {"uv": [5.25, 9.25, 5, 9], "texture": "#0"},
				"down": {"uv": [9.25, 5, 9, 5.25], "texture": "#0"}
			}
		},
		{
			"from": [-2.8, 1.8, 8.175],
			"to": [-2, 2.4, 8.825],
			"faces": {
				"north": {"uv": [2.5, 9, 2.75, 9.25], "texture": "#0"},
				"east": {"uv": [9, 2.5, 9.25, 2.75], "texture": "#0"},
				"south": {"uv": [3, 9, 3.25, 9.25], "texture": "#0"},
				"west": {"uv": [9, 3, 9.25, 3.25], "texture": "#0"},
				"up": {"uv": [3.75, 9.25, 3.5, 9], "texture": "#0"},
				"down": {"uv": [9.25, 3.5, 9, 3.75], "texture": "#0"}
			}
		},
		{
			"from": [-2.7, 1, 8.275],
			"to": [-2.3, 1.1, 8.725],
			"faces": {
				"north": {"uv": [7.5, 3.5, 7.75, 3.75], "texture": "#0"},
				"east": {"uv": [4, 7.5, 4.25, 7.75], "texture": "#0"},
				"south": {"uv": [7.5, 4, 7.75, 4.25], "texture": "#0"},
				"west": {"uv": [4.5, 7.5, 4.75, 7.75], "texture": "#0"},
				"up": {"uv": [7.75, 4.75, 7.5, 4.5], "texture": "#0"},
				"down": {"uv": [5.25, 7.5, 5, 7.75], "texture": "#0"}
			}
		},
		{
			"from": [-2.9, 1.8, 8.175],
			"to": [-2.8, 2.4, 8.825],
			"faces": {
				"north": {"uv": [7.5, 0.5, 7.75, 0.75], "texture": "#0"},
				"east": {"uv": [1, 7.5, 1.25, 7.75], "texture": "#0"},
				"south": {"uv": [7.5, 1, 7.75, 1.25], "texture": "#0"},
				"west": {"uv": [1.5, 7.5, 1.75, 7.75], "texture": "#0"},
				"up": {"uv": [7.75, 1.75, 7.5, 1.5], "texture": "#0"},
				"down": {"uv": [2.25, 7.5, 2, 7.75], "texture": "#0"}
			}
		},
		{
			"from": [-1.75, 1.8, 8.275],
			"to": [1.6, 1.9, 8.725],
			"rotation": {"angle": 22.5, "axis": "z", "origin": [0, 0, 0]},
			"faces": {
				"north": {"uv": [3.5, 2.5, 4.25, 2.75], "texture": "#0"},
				"east": {"uv": [6, 7, 6.25, 7.25], "texture": "#0"},
				"south": {"uv": [3, 3.5, 3.75, 3.75], "texture": "#0"},
				"west": {"uv": [7, 6, 7.25, 6.25], "texture": "#0"},
				"up": {"uv": [4.5, 0.25, 3.75, 0], "texture": "#0"},
				"down": {"uv": [4.5, 0.5, 3.75, 0.75], "texture": "#0"}
			}
		},
		{
			"from": [2.25, 2.3, 8.275],
			"to": [3.8, 2.4, 8.725],
			"rotation": {"angle": 22.5, "axis": "z", "origin": [0, 0, 0]},
			"faces": {
				"north": {"uv": [5.25, 2.5, 5.75, 2.75], "texture": "#0"},
				"east": {"uv": [7.5, 6.5, 7.75, 6.75], "texture": "#0"},
				"south": {"uv": [5.25, 4, 5.75, 4.25], "texture": "#0"},
				"west": {"uv": [7, 7.5, 7.25, 7.75], "texture": "#0"},
				"up": {"uv": [5.75, 4.75, 5.25, 4.5], "texture": "#0"},
				"down": {"uv": [5.75, 5, 5.25, 5.25], "texture": "#0"}
			}
		},
		{
			"from": [-1.75, 1.9, 8.175],
			"to": [3.75, 2.3, 8.825],
			"rotation": {"angle": 22.5, "axis": "z", "origin": [0, 0, 0]},
			"faces": {
				"north": {"uv": [2, 1.5, 3.5, 1.75], "texture": "#0"},
				"east": {"uv": [7.5, 7, 7.75, 7.25], "texture": "#0"},
				"south": {"uv": [1.75, 2, 3.25, 2.25], "texture": "#0"},
				"west": {"uv": [7.5, 7.5, 7.75, 7.75], "texture": "#0"},
				"up": {"uv": [1.5, 2.75, 0, 2.5], "texture": "#0"},
				"down": {"uv": [3.25, 2.5, 1.75, 2.75], "texture": "#0"}
			}
		},
		{
			"from": [9.7, 3.75, 8.275],
			"to": [11.6, 3.9, 8.725],
			"faces": {
				"north": {"uv": [3.75, 1, 4.25, 1.25], "texture": "#0"},
				"east": {"uv": [2, 5.5, 2.25, 5.75], "texture": "#0"},
				"south": {"uv": [3.75, 1.5, 4.25, 1.75], "texture": "#0"},
				"west": {"uv": [2.5, 5.5, 2.75, 5.75], "texture": "#0"},
				"up": {"uv": [0.5, 4.25, 0, 4], "texture": "#0"},
				"down": {"uv": [1.25, 4, 0.75, 4.25], "texture": "#0"}
			}
		},
		{
			"from": [9.2, 3.25, 8.175],
			"to": [11.6, 3.8, 8.825],
			"faces": {
				"north": {"uv": [1.5, 4, 2, 4.25], "texture": "#0"},
				"east": {"uv": [0, 7, 0.25, 7.25], "texture": "#0"},
				"south": {"uv": [2.25, 4, 2.75, 4.25], "texture": "#0"},
				"west": {"uv": [7, 0, 7.25, 0.25], "texture": "#0"},
				"up": {"uv": [3.5, 4.25, 3, 4], "texture": "#0"},
				"down": {"uv": [4.5, 3, 4, 3.25], "texture": "#0"}
			}
		},
		{
			"from": [2.1, 2.85, 8.275],
			"to": [4.4, 2.95, 8.725],
			"faces": {
				"north": {"uv": [4, 3.5, 4.5, 3.75], "texture": "#0"},
				"east": {"uv": [0.5, 7, 0.75, 7.25], "texture": "#0"},
				"south": {"uv": [3.75, 4, 4.25, 4.25], "texture": "#0"},
				"west": {"uv": [7, 0.5, 7.25, 0.75], "texture": "#0"},
				"up": {"uv": [0.5, 4.75, 0, 4.5], "texture": "#0"},
				"down": {"uv": [1.25, 4.5, 0.75, 4.75], "texture": "#0"}
			}
		},
		{
			"from": [-0.2, 2.35, 8.275],
			"to": [0.43, 2.45, 8.725],
			"rotation": {"angle": -22.5, "axis": "z", "origin": [0, 0, 0]},
			"faces": {
				"north": {"uv": [0, 8, 0.25, 8.25], "texture": "#0"},
				"east": {"uv": [8, 0, 8.25, 0.25], "texture": "#0"},
				"south": {"uv": [0.5, 8, 0.75, 8.25], "texture": "#0"},
				"west": {"uv": [8, 0.5, 8.25, 0.75], "texture": "#0"},
				"up": {"uv": [1.25, 8.25, 1, 8], "texture": "#0"},
				"down": {"uv": [8.25, 1, 8, 1.25], "texture": "#0"}
			}
		},
		{
			"from": [-0.54, 3.25, 8.275],
			"to": [0.06, 3.35, 8.725],
			"rotation": {"angle": -22.5, "axis": "z", "origin": [0, 0, 0]},
			"faces": {
				"north": {"uv": [6, 8, 6.25, 8.25], "texture": "#0"},
				"east": {"uv": [8, 6, 8.25, 6.25], "texture": "#0"},
				"south": {"uv": [6.5, 8, 6.75, 8.25], "texture": "#0"},
				"west": {"uv": [8, 6.5, 8.25, 6.75], "texture": "#0"},
				"up": {"uv": [7.25, 8.25, 7, 8], "texture": "#0"},
				"down": {"uv": [8.25, 7, 8, 7.25], "texture": "#0"}
			}
		},
		{
			"from": [-0.54, 2.85, 8.175],
			"to": [0.06, 3.25, 8.825],
			"rotation": {"angle": -22.5, "axis": "z", "origin": [0, 0, 0]},
			"faces": {
				"north": {"uv": [8.5, 3.5, 8.75, 3.75], "texture": "#0"},
				"east": {"uv": [4, 8.5, 4.25, 8.75], "texture": "#0"},
				"south": {"uv": [8.5, 4, 8.75, 4.25], "texture": "#0"},
				"west": {"uv": [4.5, 8.5, 4.75, 8.75], "texture": "#0"},
				"up": {"uv": [8.75, 4.75, 8.5, 4.5], "texture": "#0"},
				"down": {"uv": [5.25, 8.5, 5, 8.75], "texture": "#0"}
			}
		},
		{
			"from": [-0.31, 2.45, 8.175],
			"to": [0.36, 2.75, 8.825],
			"rotation": {"angle": -22.5, "axis": "z", "origin": [0, 0, 0]},
			"faces": {
				"north": {"uv": [4.5, 8, 4.75, 8.25], "texture": "#0"},
				"east": {"uv": [8, 4.5, 8.25, 4.75], "texture": "#0"},
				"south": {"uv": [5, 8, 5.25, 8.25], "texture": "#0"},
				"west": {"uv": [8, 5, 8.25, 5.25], "texture": "#0"},
				"up": {"uv": [5.75, 8.25, 5.5, 8], "texture": "#0"},
				"down": {"uv": [8.25, 5.5, 8, 5.75], "texture": "#0"}
			}
		},
		{
			"from": [2.34, 0.5, 8.275],
			"to": [3.64, 0.6, 8.725],
			"rotation": {"angle": 45, "axis": "z", "origin": [0, 0, 0]},
			"faces": {
				"north": {"uv": [1.5, 8, 1.75, 8.25], "texture": "#0"},
				"east": {"uv": [8, 1.5, 8.25, 1.75], "texture": "#0"},
				"south": {"uv": [2, 8, 2.25, 8.25], "texture": "#0"},
				"west": {"uv": [8, 2, 8.25, 2.25], "texture": "#0"},
				"up": {"uv": [2.75, 8.25, 2.5, 8], "texture": "#0"},
				"down": {"uv": [8.25, 2.5, 8, 2.75], "texture": "#0"}
			}
		},
		{
			"from": [2.4, 0.6, 8.175],
			"to": [3.6, 1, 8.825],
			"rotation": {"angle": 45, "axis": "z", "origin": [0, 0, 0]},
			"faces": {
				"north": {"uv": [3, 8, 3.25, 8.25], "texture": "#0"},
				"east": {"uv": [8, 3, 8.25, 3.25], "texture": "#0"},
				"south": {"uv": [3.5, 8, 3.75, 8.25], "texture": "#0"},
				"west": {"uv": [8, 3.5, 8.25, 3.75], "texture": "#0"},
				"up": {"uv": [4.25, 8.25, 4, 8], "texture": "#0"},
				"down": {"uv": [8.25, 4, 8, 4.25], "texture": "#0"}
			}
		},
		{
			"from": [2.1, 2.95, 8.175],
			"to": [4.4, 3.15, 8.825],
			"faces": {
				"north": {"uv": [1.5, 5, 2, 5.25], "texture": "#0"},
				"east": {"uv": [3.5, 7, 3.75, 7.25], "texture": "#0"},
				"south": {"uv": [2.25, 5, 2.75, 5.25], "texture": "#0"},
				"west": {"uv": [7, 3.5, 7.25, 3.75], "texture": "#0"},
				"up": {"uv": [3.5, 5.25, 3, 5], "texture": "#0"},
				"down": {"uv": [4.25, 5, 3.75, 5.25], "texture": "#0"}
			}
		},
		{
			"from": [4.4, 3.05, 8.175],
			"to": [6.8, 3.15, 8.825],
			"faces": {
				"north": {"uv": [4.5, 5, 5, 5.25], "texture": "#0"},
				"east": {"uv": [4, 7, 4.25, 7.25], "texture": "#0"},
				"south": {"uv": [5.25, 1, 5.75, 1.25], "texture": "#0"},
				"west": {"uv": [7, 4, 7.25, 4.25], "texture": "#0"},
				"up": {"uv": [5.75, 1.75, 5.25, 1.5], "texture": "#0"},
				"down": {"uv": [5.75, 2, 5.25, 2.25], "texture": "#0"}
			}
		},
		{
			"from": [4.4, 2.95, 8.275],
			"to": [6.8, 3.05, 8.725],
			"faces": {
				"north": {"uv": [4.5, 1, 5, 1.25], "texture": "#0"},
				"east": {"uv": [1.5, 7, 1.75, 7.25], "texture": "#0"},
				"south": {"uv": [1.5, 4.5, 2, 4.75], "texture": "#0"},
				"west": {"uv": [7, 1.5, 7.25, 1.75], "texture": "#0"},
				"up": {"uv": [5, 1.75, 4.5, 1.5], "texture": "#0"},
				"down": {"uv": [5, 2, 4.5, 2.25], "texture": "#0"}
			}
		},
		{
			"from": [6.8, 3.05, 8.275],
			"to": [9.2, 3.15, 8.725],
			"faces": {
				"north": {"uv": [4.5, 4, 5, 4.25], "texture": "#0"},
				"east": {"uv": [2.5, 7, 2.75, 7.25], "texture": "#0"},
				"south": {"uv": [4.5, 4.5, 5, 4.75], "texture": "#0"},
				"west": {"uv": [7, 2.5, 7.25, 2.75], "texture": "#0"},
				"up": {"uv": [5.25, 0.25, 4.75, 0], "texture": "#0"},
				"down": {"uv": [5.25, 0.5, 4.75, 0.75], "texture": "#0"}
			}
		},
		{
			"from": [9.2, 3.15, 8.25],
			"to": [11.6, 3.25, 8.7],
			"faces": {
				"north": {"uv": [4.75, 3, 5.25, 3.25], "texture": "#0"},
				"east": {"uv": [3, 7, 3.25, 7.25], "texture": "#0"},
				"south": {"uv": [4.75, 3.5, 5.25, 3.75], "texture": "#0"},
				"west": {"uv": [7, 3, 7.25, 3.25], "texture": "#0"},
				"up": {"uv": [0.5, 5.25, 0, 5], "texture": "#0"},
				"down": {"uv": [1.25, 5, 0.75, 5.25], "texture": "#0"}
			}
		},
		{
			"from": [4.4, 2.95, 8.175],
			"to": [6.2, 3.05, 8.625],
			"faces": {
				"north": {"uv": [2.25, 4.5, 2.75, 4.75], "texture": "#0"},
				"east": {"uv": [2, 7, 2.25, 7.25], "texture": "#0"},
				"south": {"uv": [4.5, 2.5, 5, 2.75], "texture": "#0"},
				"west": {"uv": [7, 2, 7.25, 2.25], "texture": "#0"},
				"up": {"uv": [3.5, 4.75, 3, 4.5], "texture": "#0"},
				"down": {"uv": [4.25, 4.5, 3.75, 4.75], "texture": "#0"}
			}
		},
		{
			"from": [8.6, 3.9, 8.275],
			"to": [9.7, 4, 8.725],
			"faces": {
				"north": {"uv": [3, 5.5, 3.25, 5.75], "texture": "#0"},
				"east": {"uv": [5.5, 3, 5.75, 3.25], "texture": "#0"},
				"south": {"uv": [3.5, 5.5, 3.75, 5.75], "texture": "#0"},
				"west": {"uv": [5.5, 3.5, 5.75, 3.75], "texture": "#0"},
				"up": {"uv": [4.25, 5.75, 4, 5.5], "texture": "#0"},
				"down": {"uv": [4.75, 5.5, 4.5, 5.75], "texture": "#0"}
			}
		},
		{
			"from": [2.5, 3.15, 8.175],
			"to": [9.2, 3.7, 8.825],
			"faces": {
				"north": {"uv": [0, 0, 1.75, 0.25], "texture": "#0"},
				"east": {"uv": [1, 7, 1.25, 7.25], "texture": "#0"},
				"south": {"uv": [0, 0.5, 1.75, 0.75], "texture": "#0"},
				"west": {"uv": [7, 1, 7.25, 1.25], "texture": "#0"},
				"up": {"uv": [1.75, 1.25, 0, 1], "texture": "#0"},
				"down": {"uv": [1.75, 1.5, 0, 1.75], "texture": "#0"}
			}
		},
		{
			"from": [8.6, 3.7, 8.175],
			"to": [9.7, 3.9, 8.825],
			"faces": {
				"north": {"uv": [4.5, 7, 4.75, 7.25], "texture": "#0"},
				"east": {"uv": [7, 4.5, 7.25, 4.75], "texture": "#0"},
				"south": {"uv": [5, 7, 5.25, 7.25], "texture": "#0"},
				"west": {"uv": [7, 5, 7.25, 5.25], "texture": "#0"},
				"up": {"uv": [5.75, 7.25, 5.5, 7], "texture": "#0"},
				"down": {"uv": [7.25, 5.5, 7, 5.75], "texture": "#0"}
			}
		},
		{
			"from": [5.4, 3.7, 8.175],
			"to": [6.2, 3.9, 8.825],
			"faces": {
				"north": {"uv": [8.5, 9, 8.75, 9.25], "texture": "#0"},
				"east": {"uv": [9, 8.5, 9.25, 8.75], "texture": "#0"},
				"south": {"uv": [9, 9, 9.25, 9.25], "texture": "#0"},
				"west": {"uv": [0, 9.5, 0.25, 9.75], "texture": "#0"},
				"up": {"uv": [9.75, 0.25, 9.5, 0], "texture": "#0"},
				"down": {"uv": [0.75, 9.5, 0.5, 9.75], "texture": "#0"}
			}
		},
		{
			"from": [5.4, 3.9, 8.275],
			"to": [6, 4.05, 8.725],
			"faces": {
				"north": {"uv": [7, 9, 7.25, 9.25], "texture": "#0"},
				"east": {"uv": [9, 7, 9.25, 7.25], "texture": "#0"},
				"south": {"uv": [7.5, 9, 7.75, 9.25], "texture": "#0"},
				"west": {"uv": [9, 7.5, 9.25, 7.75], "texture": "#0"},
				"up": {"uv": [8.25, 9.25, 8, 9], "texture": "#0"},
				"down": {"uv": [9.25, 8, 9, 8.25], "texture": "#0"}
			}
		},
		{
			"from": [3.3, 3.7, 8.175],
			"to": [4, 3.9, 8.825],
			"faces": {
				"north": {"uv": [9.5, 2, 9.75, 2.25], "texture": "#0"},
				"east": {"uv": [2.5, 9.5, 2.75, 9.75], "texture": "#0"},
				"south": {"uv": [9.5, 2.5, 9.75, 2.75], "texture": "#0"},
				"west": {"uv": [3, 9.5, 3.25, 9.75], "texture": "#0"},
				"up": {"uv": [9.75, 3.25, 9.5, 3], "texture": "#0"},
				"down": {"uv": [3.75, 9.5, 3.5, 9.75], "texture": "#0"}
			}
		},
		{
			"from": [3.3, 3.9, 8.275],
			"to": [3.8, 4.05, 8.725],
			"faces": {
				"north": {"uv": [9.5, 0.5, 9.75, 0.75], "texture": "#0"},
				"east": {"uv": [1, 9.5, 1.25, 9.75], "texture": "#0"},
				"south": {"uv": [9.5, 1, 9.75, 1.25], "texture": "#0"},
				"west": {"uv": [1.5, 9.5, 1.75, 9.75], "texture": "#0"},
				"up": {"uv": [9.75, 1.75, 9.5, 1.5], "texture": "#0"},
				"down": {"uv": [2.25, 9.5, 2, 9.75], "texture": "#0"}
			}
		},
		{
			"from": [6.2, 3.7, 8.3],
			"to": [7.3, 3.88, 8.7],
			"faces": {
				"north": {"uv": [5.5, 9, 5.75, 9.25], "texture": "#0"},
				"east": {"uv": [9, 5.5, 9.25, 5.75], "texture": "#0"},
				"south": {"uv": [6, 9, 6.25, 9.25], "texture": "#0"},
				"west": {"uv": [9, 6, 9.25, 6.25], "texture": "#0"},
				"up": {"uv": [6.75, 9.25, 6.5, 9], "texture": "#0"},
				"down": {"uv": [9.25, 6.5, 9, 6.75], "texture": "#0"}
			}
		},
		{
			"from": [4, 3.7, 8.3],
			"to": [5.4, 3.88, 8.7],
			"faces": {
				"north": {"uv": [9.5, 5, 9.75, 5.25], "texture": "#0"},
				"east": {"uv": [5.5, 9.5, 5.75, 9.75], "texture": "#0"},
				"south": {"uv": [9.5, 5.5, 9.75, 5.75], "texture": "#0"},
				"west": {"uv": [6, 9.5, 6.25, 9.75], "texture": "#0"},
				"up": {"uv": [9.75, 6.25, 9.5, 6], "texture": "#0"},
				"down": {"uv": [6.75, 9.5, 6.5, 9.75], "texture": "#0"}
			}
		},
		{
			"from": [2.6, 3.68, 8.25],
			"to": [3.3, 3.88, 8.75],
			"faces": {
				"north": {"uv": [9.5, 6.5, 9.75, 6.75], "texture": "#0"},
				"east": {"uv": [7, 9.5, 7.25, 9.75], "texture": "#0"},
				"south": {"uv": [9.5, 7, 9.75, 7.25], "texture": "#0"},
				"west": {"uv": [7.5, 9.5, 7.75, 9.75], "texture": "#0"},
				"up": {"uv": [9.75, 7.75, 9.5, 7.5], "texture": "#0"},
				"down": {"uv": [8.25, 9.5, 8, 9.75], "texture": "#0"}
			}
		},
		{
			"from": [2.6, 3.88, 8.35],
			"to": [3.3, 4.03, 8.65],
			"faces": {
				"north": {"uv": [0, 10, 0.25, 10.25], "texture": "#0"},
				"east": {"uv": [10, 0, 10.25, 0.25], "texture": "#0"},
				"south": {"uv": [0.5, 10, 0.75, 10.25], "texture": "#0"},
				"west": {"uv": [10, 0.5, 10.25, 0.75], "texture": "#0"},
				"up": {"uv": [1.25, 10.25, 1, 10], "texture": "#0"},
				"down": {"uv": [10.25, 1, 10, 1.25], "texture": "#0"}
			}
		},
		{
			"from": [2.4, 3.7, 8.35],
			"to": [2.6, 3.88, 8.65],
			"faces": {
				"north": {"uv": [9.5, 8, 9.75, 8.25], "texture": "#0"},
				"east": {"uv": [8.5, 9.5, 8.75, 9.75], "texture": "#0"},
				"south": {"uv": [9.5, 8.5, 9.75, 8.75], "texture": "#0"},
				"west": {"uv": [9, 9.5, 9.25, 9.75], "texture": "#0"},
				"up": {"uv": [9.75, 9.25, 9.5, 9], "texture": "#0"},
				"down": {"uv": [9.75, 9.5, 9.5, 9.75], "texture": "#0"}
			}
		},
		{
			"from": [7.3, 3.7, 8.25],
			"to": [8.6, 3.9, 8.75],
			"faces": {
				"north": {"uv": [9.5, 3.5, 9.75, 3.75], "texture": "#0"},
				"east": {"uv": [4, 9.5, 4.25, 9.75], "texture": "#0"},
				"south": {"uv": [9.5, 4, 9.75, 4.25], "texture": "#0"},
				"west": {"uv": [4.5, 9.5, 4.75, 9.75], "texture": "#0"},
				"up": {"uv": [9.75, 4.75, 9.5, 4.5], "texture": "#0"},
				"down": {"uv": [5.25, 9.5, 5, 9.75], "texture": "#0"}
			}
		},
		{
			"from": [12.1, 3.2, 8.35],
			"to": [15.5, 3.6, 8.65],
			"faces": {
				"north": {"uv": [0, 3, 0.75, 3.25], "texture": "#0"},
				"east": {"uv": [5, 5.5, 5.25, 5.75], "texture": "#0"},
				"south": {"uv": [1, 3, 1.75, 3.25], "texture": "#0"},
				"west": {"uv": [5.5, 5.5, 5.75, 5.75], "texture": "#0"},
				"up": {"uv": [2.75, 3.25, 2, 3], "texture": "#0"},
				"down": {"uv": [3.75, 3, 3, 3.25], "texture": "#0"}
			}
		},
		{
			"from": [12.1, 3.3, 8.25],
			"to": [15.5, 3.7, 8.75],
			"faces": {
				"north": {"uv": [0, 3.5, 0.75, 3.75], "texture": "#0"},
				"east": {"uv": [0, 6, 0.25, 6.25], "texture": "#0"},
				"south": {"uv": [1, 3.5, 1.75, 3.75], "texture": "#0"},
				"west": {"uv": [6, 0, 6.25, 0.25], "texture": "#0"},
				"up": {"uv": [2.75, 3.75, 2, 3.5], "texture": "#0"},
				"down": {"uv": [4.25, 2, 3.5, 2.25], "texture": "#0"}
			}
		},
		{
			"from": [11.8, 3.2, 8.35],
			"to": [12.1, 3.9, 8.65],
			"faces": {
				"north": {"uv": [0.5, 6, 0.75, 6.25], "texture": "#0"},
				"east": {"uv": [6, 0.5, 6.25, 0.75], "texture": "#0"},
				"south": {"uv": [1, 6, 1.25, 6.25], "texture": "#0"},
				"west": {"uv": [6, 1, 6.25, 1.25], "texture": "#0"},
				"up": {"uv": [1.75, 6.25, 1.5, 6], "texture": "#0"},
				"down": {"uv": [6.25, 1.5, 6, 1.75], "texture": "#0"}
			}
		},
		{
			"from": [11.8, 3.3, 8.25],
			"to": [12.1, 3.8, 8.75],
			"faces": {
				"north": {"uv": [2, 6, 2.25, 6.25], "texture": "#0"},
				"east": {"uv": [6, 2, 6.25, 2.25], "texture": "#0"},
				"south": {"uv": [2.5, 6, 2.75, 6.25], "texture": "#0"},
				"west": {"uv": [6, 2.5, 6.25, 2.75], "texture": "#0"},
				"up": {"uv": [3.25, 6.25, 3, 6], "texture": "#0"},
				"down": {"uv": [6.25, 3, 6, 3.25], "texture": "#0"}
			}
		},
		{
			"from": [15.5, 3.3, 8.25],
			"to": [16.2, 3.8, 8.75],
			"faces": {
				"north": {"uv": [3.5, 6, 3.75, 6.25], "texture": "#0"},
				"east": {"uv": [6, 3.5, 6.25, 3.75], "texture": "#0"},
				"south": {"uv": [4, 6, 4.25, 6.25], "texture": "#0"},
				"west": {"uv": [6, 4, 6.25, 4.25], "texture": "#0"},
				"up": {"uv": [4.75, 6.25, 4.5, 6], "texture": "#0"},
				"down": {"uv": [6.25, 4.5, 6, 4.75], "texture": "#0"}
			}
		},
		{
			"from": [15.5, 3.2, 8.325],
			"to": [16.2, 3.9, 8.675],
			"faces": {
				"north": {"uv": [5, 6, 5.25, 6.25], "texture": "#0"},
				"east": {"uv": [6, 5, 6.25, 5.25], "texture": "#0"},
				"south": {"uv": [5.5, 6, 5.75, 6.25], "texture": "#0"},
				"west": {"uv": [6, 5.5, 6.25, 5.75], "texture": "#0"},
				"up": {"uv": [6.25, 6.25, 6, 6], "texture": "#0"},
				"down": {"uv": [0.25, 6.5, 0, 6.75], "texture": "#0"}
			}
		},
		{
			"from": [11.6, 3.15, 8.225],
			"to": [11.8, 3.9, 8.775],
			"faces": {
				"north": {"uv": [6.5, 0, 6.75, 0.25], "texture": "#0"},
				"east": {"uv": [0.5, 6.5, 0.75, 6.75], "texture": "#0"},
				"south": {"uv": [6.5, 0.5, 6.75, 0.75], "texture": "#0"},
				"west": {"uv": [1, 6.5, 1.25, 6.75], "texture": "#0"},
				"up": {"uv": [6.75, 1.25, 6.5, 1], "texture": "#0"},
				"down": {"uv": [1.75, 6.5, 1.5, 6.75], "texture": "#0"}
			}
		},
		{
			"from": [12, 3.6, 8.375],
			"to": [18.3, 3.85, 8.625],
			"faces": {
				"north": {"uv": [0, 2, 1.5, 2.25], "texture": "#0"},
				"east": {"uv": [6.5, 1.5, 6.75, 1.75], "texture": "#0"},
				"south": {"uv": [2, 0, 3.5, 0.25], "texture": "#0"},
				"west": {"uv": [2, 6.5, 2.25, 6.75], "texture": "#0"},
				"up": {"uv": [3.5, 0.75, 2, 0.5], "texture": "#0"},
				"down": {"uv": [3.5, 1, 2, 1.25], "texture": "#0"}
			}
		},
		{
			"from": [17.8, 3.85, 8.425],
			"to": [18.1, 4.05, 8.575],
			"faces": {
				"north": {"uv": [6.5, 2, 6.75, 2.25], "texture": "#0"},
				"east": {"uv": [2.5, 6.5, 2.75, 6.75], "texture": "#0"},
				"south": {"uv": [6.5, 2.5, 6.75, 2.75], "texture": "#0"},
				"west": {"uv": [3, 6.5, 3.25, 6.75], "texture": "#0"},
				"up": {"uv": [6.75, 3.25, 6.5, 3], "texture": "#0"},
				"down": {"uv": [3.75, 6.5, 3.5, 6.75], "texture": "#0"}
			}
		},
		{
			"from": [16.1, 3.3, 8.45],
			"to": [16.9, 3.6, 8.55],
			"faces": {
				"north": {"uv": [6.5, 3.5, 6.75, 3.75], "texture": "#0"},
				"east": {"uv": [4, 6.5, 4.25, 6.75], "texture": "#0"},
				"south": {"uv": [6.5, 4, 6.75, 4.25], "texture": "#0"},
				"west": {"uv": [4.5, 6.5, 4.75, 6.75], "texture": "#0"},
				"up": {"uv": [6.75, 4.75, 6.5, 4.5], "texture": "#0"},
				"down": {"uv": [5.25, 6.5, 5, 6.75], "texture": "#0"}
			}
		},
		{
			"from": [16.9, 3.3, 8.45],
			"to": [17.9, 3.4, 8.55],
			"faces": {
				"north": {"uv": [6.5, 5, 6.75, 5.25], "texture": "#0"},
				"east": {"uv": [5.5, 6.5, 5.75, 6.75], "texture": "#0"},
				"south": {"uv": [6.5, 5.5, 6.75, 5.75], "texture": "#0"},
				"west": {"uv": [6, 6.5, 6.25, 6.75], "texture": "#0"},
				"up": {"uv": [6.75, 6.25, 6.5, 6], "texture": "#0"},
				"down": {"uv": [6.75, 6.5, 6.5, 6.75], "texture": "#0"}
			}
		}
	],
	"display": {
		"thirdperson_righthand": {
			"rotation": [-53.16, 88.08, 53.63],
			"translation": [-1.5, 5.75, -1.5]
		},
		"thirdperson_lefthand": {
			"rotation": [-24.5, -87.75, -27.25],
			"translation": [-0.5, 6, -1]
		},
		"firstperson_righthand": {
			"rotation": [0.87, 90, 0],
			"translation": [-3, 9.25, 3.75]
		},
		"firstperson_lefthand": {
			"rotation": [-180, -90, -180],
			"translation": [-8.44, 12.1, 4.25]
		},
		"ground": {
			"translation": [0, 4, 0]
		},
		"gui": {
			"rotation": [25.25, 16.53, 36.38],
			"translation": [-3, 3.75, 0]
		},
		"head": {
			"rotation": [-180, 90, -180],
			"translation": [-0.5, 4.25, -17]
		},
		"fixed": {
			"rotation": [-180, 0, -145.5],
			"translation": [5, 11.5, 0.25],
			"scale": [2.5, 2.5, 2.5]
		}
	}
}