{
	"credit": "Made with Blockbench",
	"textures": {
		"0": "qualityarmory:all/mosina",
		"particle": "qualityarmory:all/mosina"
	},
	"elements": [
		{
			"from": [9.55, 3.4, 8.25],
			"to": [16.75, 3.9, 8.75],
			"faces": {
				"north": {"uv": [0, 0, 1.75, 0.25], "texture": "#0"},
				"east": {"uv": [4.75, 5.5, 5, 5.75], "texture": "#0"},
				"south": {"uv": [0, 0.5, 1.75, 0.75], "texture": "#0"},
				"west": {"uv": [0.75, 6.25, 1, 6.5], "texture": "#0"},
				"up": {"uv": [1.75, 1.25, 0, 1], "texture": "#0"},
				"down": {"uv": [1.75, 1.5, 0, 1.75], "texture": "#0"}
			}
		},
		{
			"from": [9.55, 3.3, 8.325],
			"to": [16.75, 4, 8.675],
			"faces": {
				"north": {"uv": [0, 2, 1.75, 2.25], "texture": "#0"},
				"east": {"uv": [1.25, 6.25, 1.5, 6.5], "texture": "#0"},
				"south": {"uv": [2, 0, 3.75, 0.25], "texture": "#0"},
				"west": {"uv": [1.75, 6.25, 2, 6.5], "texture": "#0"},
				"up": {"uv": [3.75, 0.75, 2, 0.5], "texture": "#0"},
				"down": {"uv": [3.75, 1, 2, 1.25], "texture": "#0"}
			}
		},
		{
			"from": [9.4, 3.25, 8.2],
			"to": [9.55, 4.05, 8.8],
			"faces": {
				"north": {"uv": [6.25, 2.5, 6.5, 2.75], "texture": "#0"},
				"east": {"uv": [6.25, 3, 6.5, 3.25], "texture": "#0"},
				"south": {"uv": [5.5, 6.25, 5.75, 6.5], "texture": "#0"},
				"west": {"uv": [6, 6.25, 6.25, 6.5], "texture": "#0"},
				"up": {"uv": [6.75, 0.25, 6.5, 0], "texture": "#0"},
				"down": {"uv": [6.75, 0.5, 6.5, 0.75], "texture": "#0"}
			}
		},
		{
			"from": [16.75, 3.4, 8.325],
			"to": [17, 4, 8.675],
			"faces": {
				"north": {"uv": [6.5, 1, 6.75, 1.25], "texture": "#0"},
				"east": {"uv": [6.5, 1.5, 6.75, 1.75], "texture": "#0"},
				"south": {"uv": [2.25, 6.5, 2.5, 6.75], "texture": "#0"},
				"west": {"uv": [2.75, 6.5, 3, 6.75], "texture": "#0"},
				"up": {"uv": [3.5, 6.75, 3.25, 6.5], "texture": "#0"},
				"down": {"uv": [6.75, 3.5, 6.5, 3.75], "texture": "#0"}
			}
		},
		{
			"from": [16.7, -3.35, 8.325],
			"to": [17, -3.25, 8.675],
			"rotation": {"angle": 22.5, "axis": "z", "origin": [0, 0, 0]},
			"faces": {
				"north": {"uv": [3.75, 6.5, 4, 6.75], "texture": "#0"},
				"east": {"uv": [6.5, 4, 6.75, 4.25], "texture": "#0"},
				"south": {"uv": [4.25, 6.5, 4.5, 6.75], "texture": "#0"},
				"west": {"uv": [6.5, 4.5, 6.75, 4.75], "texture": "#0"},
				"up": {"uv": [5, 6.75, 4.75, 6.5], "texture": "#0"},
				"down": {"uv": [6.75, 5, 6.5, 5.25], "texture": "#0"}
			}
		},
		{
			"from": [17, 3.7, 8.375],
			"to": [19, 3.95, 8.625],
			"faces": {
				"north": {"uv": [4.75, 2, 5.25, 2.25], "texture": "#0"},
				"east": {"uv": [6.5, 5.5, 6.75, 5.75], "texture": "#0"},
				"south": {"uv": [4.75, 2.5, 5.25, 2.75], "texture": "#0"},
				"west": {"uv": [6.5, 6, 6.75, 6.25], "texture": "#0"},
				"up": {"uv": [5.25, 3.25, 4.75, 3], "texture": "#0"},
				"down": {"uv": [5.25, 3.5, 4.75, 3.75], "texture": "#0"}
			}
		},
		{
			"from": [16.6, 3.31, 8.45],
			"to": [18.6, 3.41, 8.55],
			"faces": {
				"north": {"uv": [0, 5, 0.5, 5.25], "texture": "#0"},
				"east": {"uv": [6.5, 6.5, 6.75, 6.75], "texture": "#0"},
				"south": {"uv": [5, 0, 5.5, 0.25], "texture": "#0"},
				"west": {"uv": [0, 6.75, 0.25, 7], "texture": "#0"},
				"up": {"uv": [5.5, 0.75, 5, 0.5], "texture": "#0"},
				"down": {"uv": [1.25, 5, 0.75, 5.25], "texture": "#0"}
			}
		},
		{
			"from": [18.2, 3.9, 8.4],
			"to": [18.5, 4.1, 8.6],
			"faces": {
				"north": {"uv": [0.5, 6.75, 0.75, 7], "texture": "#0"},
				"east": {"uv": [1, 6.75, 1.25, 7], "texture": "#0"},
				"south": {"uv": [1.5, 6.75, 1.75, 7], "texture": "#0"},
				"west": {"uv": [6.75, 2, 7, 2.25], "texture": "#0"},
				"up": {"uv": [7, 2.75, 6.75, 2.5], "texture": "#0"},
				"down": {"uv": [7, 3, 6.75, 3.25], "texture": "#0"}
			}
		},
		{
			"from": [18.2, 4.1, 8.6],
			"to": [18.5, 4.4, 8.7],
			"faces": {
				"north": {"uv": [5.25, 6.75, 5.5, 7], "texture": "#0"},
				"east": {"uv": [5.75, 6.75, 6, 7], "texture": "#0"},
				"south": {"uv": [7, 0, 7.25, 0.25], "texture": "#0"},
				"west": {"uv": [7, 0.5, 7.25, 0.75], "texture": "#0"},
				"up": {"uv": [7.25, 1.25, 7, 1], "texture": "#0"},
				"down": {"uv": [7.25, 1.5, 7, 1.75], "texture": "#0"}
			}
		},
		{
			"from": [18.2, 4.1, 8.3],
			"to": [18.5, 4.4, 8.4],
			"faces": {
				"north": {"uv": [2, 7, 2.25, 7.25], "texture": "#0"},
				"east": {"uv": [2.5, 7, 2.75, 7.25], "texture": "#0"},
				"south": {"uv": [3, 7, 3.25, 7.25], "texture": "#0"},
				"west": {"uv": [3.5, 7, 3.75, 7.25], "texture": "#0"},
				"up": {"uv": [7.25, 3.75, 7, 3.5], "texture": "#0"},
				"down": {"uv": [4.25, 7, 4, 7.25], "texture": "#0"}
			}
		},
		{
			"from": [17, 3.4, 8.325],
			"to": [17.5, 3.7, 8.675],
			"faces": {
				"north": {"uv": [7, 4, 7.25, 4.25], "texture": "#0"},
				"east": {"uv": [4.5, 7, 4.75, 7.25], "texture": "#0"},
				"south": {"uv": [7, 4.5, 7.25, 4.75], "texture": "#0"},
				"west": {"uv": [7, 5, 7.25, 5.25], "texture": "#0"},
				"up": {"uv": [7.25, 5.75, 7, 5.5], "texture": "#0"},
				"down": {"uv": [7.25, 6, 7, 6.25], "texture": "#0"}
			}
		},
		{
			"from": [2.9, 3.2, 8.175],
			"to": [9.1, 3.8, 8.825],
			"faces": {
				"north": {"uv": [2, 1.5, 3.5, 1.75], "texture": "#0"},
				"east": {"uv": [6.25, 7, 6.5, 7.25], "texture": "#0"},
				"south": {"uv": [2, 2, 3.5, 2.25], "texture": "#0"},
				"west": {"uv": [7, 6.5, 7.25, 6.75], "texture": "#0"},
				"up": {"uv": [1.5, 2.75, 0, 2.5], "texture": "#0"},
				"down": {"uv": [3.25, 2.5, 1.75, 2.75], "texture": "#0"}
			}
		},
		{
			"from": [9.1, 3.3, 8.175],
			"to": [9.4, 3.8, 8.825],
			"faces": {
				"north": {"uv": [6.75, 7, 7, 7.25], "texture": "#0"},
				"east": {"uv": [0, 7.25, 0.25, 7.5], "texture": "#0"},
				"south": {"uv": [0.5, 7.25, 0.75, 7.5], "texture": "#0"},
				"west": {"uv": [1, 7.25, 1.25, 7.5], "texture": "#0"},
				"up": {"uv": [1.75, 7.5, 1.5, 7.25], "texture": "#0"},
				"down": {"uv": [7.5, 2, 7.25, 2.25], "texture": "#0"}
			}
		},
		{
			"from": [9.1, 3.2, 8.275],
			"to": [9.4, 3.3, 8.725],
			"faces": {
				"north": {"uv": [7.25, 2.5, 7.5, 2.75], "texture": "#0"},
				"east": {"uv": [7.25, 3, 7.5, 3.25], "texture": "#0"},
				"south": {"uv": [5, 7.25, 5.25, 7.5], "texture": "#0"},
				"west": {"uv": [5.5, 7.25, 5.75, 7.5], "texture": "#0"},
				"up": {"uv": [7.5, 7.25, 7.25, 7], "texture": "#0"},
				"down": {"uv": [7.75, 0, 7.5, 0.25], "texture": "#0"}
			}
		},
		{
			"from": [8.6, 3.8, 8.175],
			"to": [9.4, 3.95, 8.825],
			"faces": {
				"north": {"uv": [7.5, 0.5, 7.75, 0.75], "texture": "#0"},
				"east": {"uv": [7.5, 1, 7.75, 1.25], "texture": "#0"},
				"south": {"uv": [7.5, 1.5, 7.75, 1.75], "texture": "#0"},
				"west": {"uv": [2, 7.5, 2.25, 7.75], "texture": "#0"},
				"up": {"uv": [2.75, 7.75, 2.5, 7.5], "texture": "#0"},
				"down": {"uv": [3.25, 7.5, 3, 7.75], "texture": "#0"}
			}
		},
		{
			"from": [8.6, 3.95, 8.275],
			"to": [9.4, 4.05, 8.725],
			"faces": {
				"north": {"uv": [3.5, 7.5, 3.75, 7.75], "texture": "#0"},
				"east": {"uv": [7.5, 3.5, 7.75, 3.75], "texture": "#0"},
				"south": {"uv": [4, 7.5, 4.25, 7.75], "texture": "#0"},
				"west": {"uv": [7.5, 4, 7.75, 4.25], "texture": "#0"},
				"up": {"uv": [4.75, 7.75, 4.5, 7.5], "texture": "#0"},
				"down": {"uv": [7.75, 4.5, 7.5, 4.75], "texture": "#0"}
			}
		},
		{
			"from": [3, 3.95, 8.35],
			"to": [4.1, 4.05, 8.65],
			"faces": {
				"north": {"uv": [7.5, 5, 7.75, 5.25], "texture": "#0"},
				"east": {"uv": [7.5, 5.5, 7.75, 5.75], "texture": "#0"},
				"south": {"uv": [6, 7.5, 6.25, 7.75], "texture": "#0"},
				"west": {"uv": [7.5, 6, 7.75, 6.25], "texture": "#0"},
				"up": {"uv": [6.75, 7.75, 6.5, 7.5], "texture": "#0"},
				"down": {"uv": [7.75, 6.5, 7.5, 6.75], "texture": "#0"}
			}
		},
		{
			"from": [2.8, 3.8, 8.4],
			"to": [3, 4, 8.6],
			"faces": {
				"north": {"uv": [7, 7.5, 7.25, 7.75], "texture": "#0"},
				"east": {"uv": [7.5, 7.5, 7.75, 7.75], "texture": "#0"},
				"south": {"uv": [0, 7.75, 0.25, 8], "texture": "#0"},
				"west": {"uv": [0.5, 7.75, 0.75, 8], "texture": "#0"},
				"up": {"uv": [1.25, 8, 1, 7.75], "texture": "#0"},
				"down": {"uv": [1.75, 7.75, 1.5, 8], "texture": "#0"}
			}
		},
		{
			"from": [6.3, 3.1, 8.175],
			"to": [8.6, 3.2, 8.825],
			"faces": {
				"north": {"uv": [5, 1, 5.5, 1.25], "texture": "#0"},
				"east": {"uv": [7.75, 2, 8, 2.25], "texture": "#0"},
				"south": {"uv": [1.5, 5, 2, 5.25], "texture": "#0"},
				"west": {"uv": [7.75, 2.5, 8, 2.75], "texture": "#0"},
				"up": {"uv": [5.5, 1.75, 5, 1.5], "texture": "#0"},
				"down": {"uv": [2.75, 5, 2.25, 5.25], "texture": "#0"}
			}
		},
		{
			"from": [8.6, 3.1, 8.275],
			"to": [9.1, 3.2, 8.725],
			"faces": {
				"north": {"uv": [7.75, 3, 8, 3.25], "texture": "#0"},
				"east": {"uv": [5, 7.75, 5.25, 8], "texture": "#0"},
				"south": {"uv": [5.5, 7.75, 5.75, 8], "texture": "#0"},
				"west": {"uv": [7.75, 7, 8, 7.25], "texture": "#0"},
				"up": {"uv": [8.25, 0.25, 8, 0], "texture": "#0"},
				"down": {"uv": [8.25, 0.5, 8, 0.75], "texture": "#0"}
			}
		},
		{
			"from": [6.3, 3, 8.175],
			"to": [7.4, 3.1, 8.825],
			"faces": {
				"north": {"uv": [8, 1, 8.25, 1.25], "texture": "#0"},
				"east": {"uv": [8, 1.5, 8.25, 1.75], "texture": "#0"},
				"south": {"uv": [2, 8, 2.25, 8.25], "texture": "#0"},
				"west": {"uv": [2.5, 8, 2.75, 8.25], "texture": "#0"},
				"up": {"uv": [3.25, 8.25, 3, 8], "texture": "#0"},
				"down": {"uv": [3.75, 8, 3.5, 8.25], "texture": "#0"}
			}
		},
		{
			"from": [7.4, 3, 8.275],
			"to": [8.6, 3.1, 8.725],
			"faces": {
				"north": {"uv": [8, 3.5, 8.25, 3.75], "texture": "#0"},
				"east": {"uv": [4, 8, 4.25, 8.25], "texture": "#0"},
				"south": {"uv": [8, 4, 8.25, 4.25], "texture": "#0"},
				"west": {"uv": [4.5, 8, 4.75, 8.25], "texture": "#0"},
				"up": {"uv": [8.25, 4.75, 8, 4.5], "texture": "#0"},
				"down": {"uv": [8.25, 5, 8, 5.25], "texture": "#0"}
			}
		},
		{
			"from": [6.3, 2.9, 8.275],
			"to": [7.4, 3, 8.725],
			"faces": {
				"north": {"uv": [8, 5.5, 8.25, 5.75], "texture": "#0"},
				"east": {"uv": [6, 8, 6.25, 8.25], "texture": "#0"},
				"south": {"uv": [8, 6, 8.25, 6.25], "texture": "#0"},
				"west": {"uv": [6.5, 8, 6.75, 8.25], "texture": "#0"},
				"up": {"uv": [8.25, 6.75, 8, 6.5], "texture": "#0"},
				"down": {"uv": [7.25, 8, 7, 8.25], "texture": "#0"}
			}
		},
		{
			"from": [3.3, 2.9, 8.175],
			"to": [6.3, 3.2, 8.825],
			"faces": {
				"north": {"uv": [3.75, 2, 4.5, 2.25], "texture": "#0"},
				"east": {"uv": [7.5, 8, 7.75, 8.25], "texture": "#0"},
				"south": {"uv": [3.75, 3, 4.5, 3.25], "texture": "#0"},
				"west": {"uv": [8, 7.5, 8.25, 7.75], "texture": "#0"},
				"up": {"uv": [4.5, 3.75, 3.75, 3.5], "texture": "#0"},
				"down": {"uv": [0.75, 4, 0, 4.25], "texture": "#0"}
			}
		},
		{
			"from": [3.3, 2.8, 8.275],
			"to": [6.3, 2.9, 8.725],
			"faces": {
				"north": {"uv": [4, 0, 4.75, 0.25], "texture": "#0"},
				"east": {"uv": [8, 8, 8.25, 8.25], "texture": "#0"},
				"south": {"uv": [4, 0.5, 4.75, 0.75], "texture": "#0"},
				"west": {"uv": [0, 8.25, 0.25, 8.5], "texture": "#0"},
				"up": {"uv": [1.75, 4.25, 1, 4], "texture": "#0"},
				"down": {"uv": [4.75, 1, 4, 1.25], "texture": "#0"}
			}
		},
		{
			"from": [2.9, 2.1, 8.375],
			"to": [3, 2.7, 8.625],
			"faces": {
				"north": {"uv": [0.5, 8.25, 0.75, 8.5], "texture": "#0"},
				"east": {"uv": [1, 8.25, 1.25, 8.5], "texture": "#0"},
				"south": {"uv": [1.5, 8.25, 1.75, 8.5], "texture": "#0"},
				"west": {"uv": [8.25, 2, 8.5, 2.25], "texture": "#0"},
				"up": {"uv": [8.5, 2.75, 8.25, 2.5], "texture": "#0"},
				"down": {"uv": [8.5, 3, 8.25, 3.25], "texture": "#0"}
			}
		},
		{
			"from": [4, 0.8, 8.375],
			"to": [4.1, 1.4, 8.625],
			"rotation": {"angle": 22.5, "axis": "z", "origin": [0, 0, 0]},
			"faces": {
				"north": {"uv": [5, 8.25, 5.25, 8.5], "texture": "#0"},
				"east": {"uv": [5.5, 8.25, 5.75, 8.5], "texture": "#0"},
				"south": {"uv": [8.25, 7, 8.5, 7.25], "texture": "#0"},
				"west": {"uv": [8.5, 0, 8.75, 0.25], "texture": "#0"},
				"up": {"uv": [8.75, 0.75, 8.5, 0.5], "texture": "#0"},
				"down": {"uv": [8.75, 1, 8.5, 1.25], "texture": "#0"}
			}
		},
		{
			"from": [3, 2, 8.375],
			"to": [4.05, 2.1, 8.625],
			"faces": {
				"north": {"uv": [8.5, 1.5, 8.75, 1.75], "texture": "#0"},
				"east": {"uv": [2, 8.5, 2.25, 8.75], "texture": "#0"},
				"south": {"uv": [2.5, 8.5, 2.75, 8.75], "texture": "#0"},
				"west": {"uv": [3, 8.5, 3.25, 8.75], "texture": "#0"},
				"up": {"uv": [3.75, 8.75, 3.5, 8.5], "texture": "#0"},
				"down": {"uv": [8.75, 3.5, 8.5, 3.75], "texture": "#0"}
			}
		},
		{
			"from": [4.5, 0.3, 8.315],
			"to": [6.6, 1.2, 8.69],
			"rotation": {"angle": 22.5, "axis": "z", "origin": [0, 0, 0]},
			"faces": {
				"north": {"uv": [3, 5, 3.5, 5.25], "texture": "#0"},
				"east": {"uv": [4, 8.5, 4.25, 8.75], "texture": "#0"},
				"south": {"uv": [3.75, 5, 4.25, 5.25], "texture": "#0"},
				"west": {"uv": [8.5, 4, 8.75, 4.25], "texture": "#0"},
				"up": {"uv": [5.5, 4.25, 5, 4], "texture": "#0"},
				"down": {"uv": [5, 5, 4.5, 5.25], "texture": "#0"}
			}
		},
		{
			"from": [-1.7, 1.3, 8.175],
			"to": [-0.5, 3.1, 8.825],
			"faces": {
				"north": {"uv": [5.25, 4.5, 5.5, 5], "texture": "#0"},
				"east": {"uv": [5.25, 5.25, 5.5, 5.75], "texture": "#0"},
				"south": {"uv": [0, 5.5, 0.25, 6], "texture": "#0"},
				"west": {"uv": [0.5, 5.5, 0.75, 6], "texture": "#0"},
				"up": {"uv": [4.75, 8.75, 4.5, 8.5], "texture": "#0"},
				"down": {"uv": [8.75, 4.5, 8.5, 4.75], "texture": "#0"}
			}
		},
		{
			"from": [-2.6, 1.3, 8.175],
			"to": [-1.7, 3, 8.825],
			"faces": {
				"north": {"uv": [1, 5.5, 1.25, 6], "texture": "#0"},
				"east": {"uv": [1.5, 5.5, 1.75, 6], "texture": "#0"},
				"south": {"uv": [2, 5.5, 2.25, 6], "texture": "#0"},
				"west": {"uv": [5.5, 2, 5.75, 2.5], "texture": "#0"},
				"up": {"uv": [8.75, 5.25, 8.5, 5], "texture": "#0"},
				"down": {"uv": [8.75, 5.5, 8.5, 5.75], "texture": "#0"}
			}
		},
		{
			"from": [-2.8, 1.2, 8.275],
			"to": [-0.5, 1.3, 8.725],
			"faces": {
				"north": {"uv": [2.5, 5.5, 3, 5.75], "texture": "#0"},
				"east": {"uv": [6, 8.5, 6.25, 8.75], "texture": "#0"},
				"south": {"uv": [5.5, 2.75, 6, 3], "texture": "#0"},
				"west": {"uv": [8.5, 6, 8.75, 6.25], "texture": "#0"},
				"up": {"uv": [3.75, 5.75, 3.25, 5.5], "texture": "#0"},
				"down": {"uv": [6, 3.25, 5.5, 3.5], "texture": "#0"}
			}
		},
		{
			"from": [-2.9, 2.4, 8.175],
			"to": [-2.6, 2.9, 8.825],
			"faces": {
				"north": {"uv": [6.5, 8.5, 6.75, 8.75], "texture": "#0"},
				"east": {"uv": [8.5, 6.5, 8.75, 6.75], "texture": "#0"},
				"south": {"uv": [7, 8.5, 7.25, 8.75], "texture": "#0"},
				"west": {"uv": [7.5, 8.5, 7.75, 8.75], "texture": "#0"},
				"up": {"uv": [8.75, 7.75, 8.5, 7.5], "texture": "#0"},
				"down": {"uv": [8.25, 8.5, 8, 8.75], "texture": "#0"}
			}
		},
		{
			"from": [-2.8, 1.3, 8.175],
			"to": [-2.6, 2.4, 8.825],
			"faces": {
				"north": {"uv": [8.5, 8, 8.75, 8.25], "texture": "#0"},
				"east": {"uv": [8.5, 8.5, 8.75, 8.75], "texture": "#0"},
				"south": {"uv": [0, 8.75, 0.25, 9], "texture": "#0"},
				"west": {"uv": [0.5, 8.75, 0.75, 9], "texture": "#0"},
				"up": {"uv": [1.25, 9, 1, 8.75], "texture": "#0"},
				"down": {"uv": [1.75, 8.75, 1.5, 9], "texture": "#0"}
			}
		},
		{
			"from": [-2.9, 1.3, 8.275],
			"to": [-2.8, 2.4, 8.725],
			"faces": {
				"north": {"uv": [8.75, 2, 9, 2.25], "texture": "#0"},
				"east": {"uv": [8.75, 2.5, 9, 2.75], "texture": "#0"},
				"south": {"uv": [8.75, 3, 9, 3.25], "texture": "#0"},
				"west": {"uv": [5, 8.75, 5.25, 9], "texture": "#0"},
				"up": {"uv": [5.75, 9, 5.5, 8.75], "texture": "#0"},
				"down": {"uv": [9, 7, 8.75, 7.25], "texture": "#0"}
			}
		},
		{
			"from": [-3, 2.4, 8.275],
			"to": [-2.9, 2.9, 8.725],
			"faces": {
				"north": {"uv": [9, 0, 9.25, 0.25], "texture": "#0"},
				"east": {"uv": [9, 0.5, 9.25, 0.75], "texture": "#0"},
				"south": {"uv": [9, 1, 9.25, 1.25], "texture": "#0"},
				"west": {"uv": [9, 1.5, 9.25, 1.75], "texture": "#0"},
				"up": {"uv": [2.25, 9.25, 2, 9], "texture": "#0"},
				"down": {"uv": [2.75, 9, 2.5, 9.25], "texture": "#0"}
			}
		},
		{
			"from": [-2.9, 2.9, 8.275],
			"to": [-2.6, 3, 8.725],
			"faces": {
				"north": {"uv": [3, 9, 3.25, 9.25], "texture": "#0"},
				"east": {"uv": [3.5, 9, 3.75, 9.25], "texture": "#0"},
				"south": {"uv": [9, 3.5, 9.25, 3.75], "texture": "#0"},
				"west": {"uv": [4, 9, 4.25, 9.25], "texture": "#0"},
				"up": {"uv": [9.25, 4.25, 9, 4], "texture": "#0"},
				"down": {"uv": [4.75, 9, 4.5, 9.25], "texture": "#0"}
			}
		},
		{
			"from": [-2.6, 3, 8.275],
			"to": [-1.7, 3.1, 8.725],
			"faces": {
				"north": {"uv": [9, 4.5, 9.25, 4.75], "texture": "#0"},
				"east": {"uv": [9, 5, 9.25, 5.25], "texture": "#0"},
				"south": {"uv": [9, 5.5, 9.25, 5.75], "texture": "#0"},
				"west": {"uv": [6, 9, 6.25, 9.25], "texture": "#0"},
				"up": {"uv": [9.25, 6.25, 9, 6], "texture": "#0"},
				"down": {"uv": [6.75, 9, 6.5, 9.25], "texture": "#0"}
			}
		},
		{
			"from": [-0.5, 2.4, 8.175],
			"to": [0.7, 3.1, 8.825],
			"faces": {
				"north": {"uv": [9, 6.5, 9.25, 6.75], "texture": "#0"},
				"east": {"uv": [7, 9, 7.25, 9.25], "texture": "#0"},
				"south": {"uv": [7.5, 9, 7.75, 9.25], "texture": "#0"},
				"west": {"uv": [9, 7.5, 9.25, 7.75], "texture": "#0"},
				"up": {"uv": [8.25, 9.25, 8, 9], "texture": "#0"},
				"down": {"uv": [9.25, 8, 9, 8.25], "texture": "#0"}
			}
		},
		{
			"from": [-0.5, 2, 8.175],
			"to": [0.4, 2.4, 8.825],
			"faces": {
				"north": {"uv": [8.5, 9, 8.75, 9.25], "texture": "#0"},
				"east": {"uv": [9, 8.5, 9.25, 8.75], "texture": "#0"},
				"south": {"uv": [9, 9, 9.25, 9.25], "texture": "#0"},
				"west": {"uv": [0, 9.25, 0.25, 9.5], "texture": "#0"},
				"up": {"uv": [0.75, 9.5, 0.5, 9.25], "texture": "#0"},
				"down": {"uv": [1.25, 9.25, 1, 9.5], "texture": "#0"}
			}
		},
		{
			"from": [-1.7, 3.1, 8.275],
			"to": [0.8, 3.2, 8.725],
			"faces": {
				"north": {"uv": [2, 4, 2.75, 4.25], "texture": "#0"},
				"east": {"uv": [1.5, 9.25, 1.75, 9.5], "texture": "#0"},
				"south": {"uv": [3, 4, 3.75, 4.25], "texture": "#0"},
				"west": {"uv": [9.25, 2, 9.5, 2.25], "texture": "#0"},
				"up": {"uv": [4.75, 4.25, 4, 4], "texture": "#0"},
				"down": {"uv": [0.75, 4.5, 0, 4.75], "texture": "#0"}
			}
		},
		{
			"from": [-1.7, 2.3, 8.175],
			"to": [-1.1, 2.7, 8.825],
			"rotation": {"angle": -45, "axis": "z", "origin": [0, 0, 0]},
			"faces": {
				"north": {"uv": [9.25, 2.5, 9.5, 2.75], "texture": "#0"},
				"east": {"uv": [9.25, 3, 9.5, 3.25], "texture": "#0"},
				"south": {"uv": [5, 9.25, 5.25, 9.5], "texture": "#0"},
				"west": {"uv": [5.5, 9.25, 5.75, 9.5], "texture": "#0"},
				"up": {"uv": [9.5, 7.25, 9.25, 7], "texture": "#0"},
				"down": {"uv": [9.75, 0, 9.5, 0.25], "texture": "#0"}
			}
		},
		{
			"from": [-1.7, 2.7, 8.275],
			"to": [-1.1, 2.8, 8.725],
			"rotation": {"angle": -45, "axis": "z", "origin": [0, 0, 0]},
			"faces": {
				"north": {"uv": [9.5, 0.5, 9.75, 0.75], "texture": "#0"},
				"east": {"uv": [9.5, 1, 9.75, 1.25], "texture": "#0"},
				"south": {"uv": [9.5, 1.5, 9.75, 1.75], "texture": "#0"},
				"west": {"uv": [2, 9.5, 2.25, 9.75], "texture": "#0"},
				"up": {"uv": [2.75, 9.75, 2.5, 9.5], "texture": "#0"},
				"down": {"uv": [3.25, 9.5, 3, 9.75], "texture": "#0"}
			}
		},
		{
			"from": [0, 1.4, 8.175],
			"to": [4.1, 2.1, 8.825],
			"rotation": {"angle": 22.5, "axis": "z", "origin": [0, 0, 0]},
			"faces": {
				"north": {"uv": [0, 3, 1, 3.25], "texture": "#0"},
				"east": {"uv": [3.5, 9.5, 3.75, 9.75], "texture": "#0"},
				"south": {"uv": [1.25, 3, 2.25, 3.25], "texture": "#0"},
				"west": {"uv": [9.5, 3.5, 9.75, 3.75], "texture": "#0"},
				"up": {"uv": [3.5, 3.25, 2.5, 3], "texture": "#0"},
				"down": {"uv": [1, 3.5, 0, 3.75], "texture": "#0"}
			}
		},
		{
			"from": [4.1, 1.4, 8.175],
			"to": [4.3, 1.8, 8.825],
			"rotation": {"angle": 22.5, "axis": "z", "origin": [0, 0, 0]},
			"faces": {
				"north": {"uv": [4, 9.5, 4.25, 9.75], "texture": "#0"},
				"east": {"uv": [9.5, 4, 9.75, 4.25], "texture": "#0"},
				"south": {"uv": [4.5, 9.5, 4.75, 9.75], "texture": "#0"},
				"west": {"uv": [9.5, 4.5, 9.75, 4.75], "texture": "#0"},
				"up": {"uv": [9.75, 5.25, 9.5, 5], "texture": "#0"},
				"down": {"uv": [9.75, 5.5, 9.5, 5.75], "texture": "#0"}
			}
		},
		{
			"from": [2, 2.1, 8.175],
			"to": [4.1, 2.2, 8.825],
			"rotation": {"angle": 22.5, "axis": "z", "origin": [0, 0, 0]},
			"faces": {
				"north": {"uv": [4, 5.5, 4.5, 5.75], "texture": "#0"},
				"east": {"uv": [6, 9.5, 6.25, 9.75], "texture": "#0"},
				"south": {"uv": [5.75, 0, 6.25, 0.25], "texture": "#0"},
				"west": {"uv": [9.5, 6, 9.75, 6.25], "texture": "#0"},
				"up": {"uv": [6.25, 0.75, 5.75, 0.5], "texture": "#0"},
				"down": {"uv": [6.25, 1, 5.75, 1.25], "texture": "#0"}
			}
		},
		{
			"from": [2, 2.2, 8.275],
			"to": [4.1, 2.3, 8.725],
			"rotation": {"angle": 22.5, "axis": "z", "origin": [0, 0, 0]},
			"faces": {
				"north": {"uv": [5.75, 1.5, 6.25, 1.75], "texture": "#0"},
				"east": {"uv": [6.5, 9.5, 6.75, 9.75], "texture": "#0"},
				"south": {"uv": [5.75, 3.75, 6.25, 4], "texture": "#0"},
				"west": {"uv": [9.5, 6.5, 9.75, 6.75], "texture": "#0"},
				"up": {"uv": [6.25, 4.5, 5.75, 4.25], "texture": "#0"},
				"down": {"uv": [6.25, 4.75, 5.75, 5], "texture": "#0"}
			}
		},
		{
			"from": [0, 1.3, 8.275],
			"to": [4.2, 1.4, 8.725],
			"rotation": {"angle": 22.5, "axis": "z", "origin": [0, 0, 0]},
			"faces": {
				"north": {"uv": [1.25, 3.5, 2.25, 3.75], "texture": "#0"},
				"east": {"uv": [7, 9.5, 7.25, 9.75], "texture": "#0"},
				"south": {"uv": [2.5, 3.5, 3.5, 3.75], "texture": "#0"},
				"west": {"uv": [7.5, 9.5, 7.75, 9.75], "texture": "#0"},
				"up": {"uv": [4.5, 2.75, 3.5, 2.5], "texture": "#0"},
				"down": {"uv": [4.75, 1.5, 3.75, 1.75], "texture": "#0"}
			}
		},
		{
			"from": [3, 3.8, 8.275],
			"to": [4.1, 3.95, 8.725],
			"faces": {
				"north": {"uv": [9.5, 7.5, 9.75, 7.75], "texture": "#0"},
				"east": {"uv": [8, 9.5, 8.25, 9.75], "texture": "#0"},
				"south": {"uv": [9.5, 8, 9.75, 8.25], "texture": "#0"},
				"west": {"uv": [8.5, 9.5, 8.75, 9.75], "texture": "#0"},
				"up": {"uv": [9.75, 8.75, 9.5, 8.5], "texture": "#0"},
				"down": {"uv": [9.25, 9.5, 9, 9.75], "texture": "#0"}
			}
		},
		{
			"from": [4.1, 3.8, 8.275],
			"to": [5.7, 4, 8.725],
			"faces": {
				"north": {"uv": [5.75, 5.25, 6.25, 5.5], "texture": "#0"},
				"east": {"uv": [9.5, 9, 9.75, 9.25], "texture": "#0"},
				"south": {"uv": [5.75, 5.75, 6.25, 6], "texture": "#0"},
				"west": {"uv": [9.5, 9.5, 9.75, 9.75], "texture": "#0"},
				"up": {"uv": [6.5, 2.25, 6, 2], "texture": "#0"},
				"down": {"uv": [3, 6, 2.5, 6.25], "texture": "#0"}
			}
		},
		{
			"from": [4.3, 6.8, 6.475],
			"to": [4.5, 7, 7.025],
			"rotation": {"angle": 22.5, "axis": "x", "origin": [0, 0, 0]},
			"faces": {
				"north": {"uv": [0, 9.75, 0.25, 10], "texture": "#0"},
				"east": {"uv": [0.5, 9.75, 0.75, 10], "texture": "#0"},
				"south": {"uv": [1, 9.75, 1.25, 10], "texture": "#0"},
				"west": {"uv": [1.5, 9.75, 1.75, 10], "texture": "#0"},
				"up": {"uv": [10, 2.25, 9.75, 2], "texture": "#0"},
				"down": {"uv": [10, 2.5, 9.75, 2.75], "texture": "#0"}
			}
		},
		{
			"from": [5.7, 3.8, 8.275],
			"to": [8.6, 3.95, 8.725],
			"faces": {
				"north": {"uv": [1, 4.5, 1.75, 4.75], "texture": "#0"},
				"east": {"uv": [9.75, 3, 10, 3.25], "texture": "#0"},
				"south": {"uv": [2, 4.5, 2.75, 4.75], "texture": "#0"},
				"west": {"uv": [5, 9.75, 5.25, 10], "texture": "#0"},
				"up": {"uv": [3.75, 4.75, 3, 4.5], "texture": "#0"},
				"down": {"uv": [4.75, 4.5, 4, 4.75], "texture": "#0"}
			}
		},
		{
			"from": [5.7, 3.95, 8.35],
			"to": [7.7, 4.05, 8.65],
			"faces": {
				"north": {"uv": [3.25, 6, 3.75, 6.25], "texture": "#0"},
				"east": {"uv": [5.5, 9.75, 5.75, 10], "texture": "#0"},
				"south": {"uv": [4, 6, 4.5, 6.25], "texture": "#0"},
				"west": {"uv": [9.75, 7, 10, 7.25], "texture": "#0"},
				"up": {"uv": [5.25, 6.25, 4.75, 6], "texture": "#0"},
				"down": {"uv": [0.5, 6.25, 0, 6.5], "texture": "#0"}
			}
		},
		{
			"from": [5.7, 6.85, 8.35],
			"to": [6.6, 6.95, 8.65],
			"rotation": {"angle": -22.5, "axis": "z", "origin": [0, 0, 0]},
			"faces": {
				"north": {"uv": [10, 0, 10.25, 0.25], "texture": "#0"},
				"east": {"uv": [10, 0.5, 10.25, 0.75], "texture": "#0"},
				"south": {"uv": [10, 1, 10.25, 1.25], "texture": "#0"},
				"west": {"uv": [10, 1.5, 10.25, 1.75], "texture": "#0"},
				"up": {"uv": [2.25, 10.25, 2, 10], "texture": "#0"},
				"down": {"uv": [2.75, 10, 2.5, 10.25], "texture": "#0"}
			}
		},
		{
			"from": [5.6, 6.85, 8.55],
			"to": [5.7, 6.95, 8.65],
			"rotation": {"angle": -22.5, "axis": "z", "origin": [0, 0, 0]},
			"faces": {
				"north": {"uv": [3, 10, 3.25, 10.25], "texture": "#0"},
				"east": {"uv": [3.5, 10, 3.75, 10.25], "texture": "#0"},
				"south": {"uv": [10, 3.5, 10.25, 3.75], "texture": "#0"},
				"west": {"uv": [4, 10, 4.25, 10.25], "texture": "#0"},
				"up": {"uv": [10.25, 4.25, 10, 4], "texture": "#0"},
				"down": {"uv": [4.75, 10, 4.5, 10.25], "texture": "#0"}
			}
		},
		{
			"from": [5.6, 6.85, 8.35],
			"to": [5.7, 6.95, 8.45],
			"rotation": {"angle": -22.5, "axis": "z", "origin": [0, 0, 0]},
			"faces": {
				"north": {"uv": [10, 4.5, 10.25, 4.75], "texture": "#0"},
				"east": {"uv": [10, 5, 10.25, 5.25], "texture": "#0"},
				"south": {"uv": [10, 5.5, 10.25, 5.75], "texture": "#0"},
				"west": {"uv": [6, 10, 6.25, 10.25], "texture": "#0"},
				"up": {"uv": [10.25, 6.25, 10, 6], "texture": "#0"},
				"down": {"uv": [6.75, 10, 6.5, 10.25], "texture": "#0"}
			}
		}
	],
	"display": {
		"thirdperson_righthand": {
			"rotation": [-53.16, 88.08, 53.63],
			"translation": [-1.5, 6, -1.5]
		},
		"thirdperson_lefthand": {
			"rotation": [-59.95, -86.82, -64.7],
			"translation": [0, 6.5, -1]
		},
		"firstperson_righthand": {
			"rotation": [0.87, 90, 0],
			"translation": [-3, 9.25, 3.75]
		},
		"firstperson_lefthand": {
			"rotation": [-180, -90, -180],
			"translation": [-8.44, 12.03, 4.75]
		},
		"ground": {
			"translation": [0, 4, 0]
		},
		"gui": {
			"rotation": [25.25, 16.53, 36.38],
			"translation": [-3, 3.75, 0]
		},
		"head": {
			"rotation": [-180, 90, -180],
			"translation": [-0.5, 4.25, -15.5]
		},
		"fixed": {
			"rotation": [-180, 0, -145.5],
			"translation": [5, 11.5, 0.25],
			"scale": [2.5, 2.5, 2.5]
		}
	}
}