{
	"credit": "Made with Blockbench",
	"textures": {
		"0": "qualityarmory:all/stielhandgranate",
		"particle": "qualityarmory:all/stielhandgranate"
	},
	"elements": [
		{
			"from": [7.6, 8.7, 7.9],
			"to": [8.8, 11, 9.7],
			"faces": {
				"north": {"uv": [4, 4, 4.5, 5], "texture": "#0"},
				"east": {"uv": [0, 0, 1, 1], "texture": "#0"},
				"south": {"uv": [0, 5, 0.5, 6], "texture": "#0"},
				"west": {"uv": [0, 1.5, 1, 2.5], "texture": "#0"},
				"up": {"uv": [5.5, 1, 5, 0], "texture": "#0"},
				"down": {"uv": [1.5, 5, 1, 6], "texture": "#0"}
			}
		},
		{
			"from": [7.5, 8.7, 7.8],
			"to": [8.9, 8.85, 9.8],
			"faces": {
				"north": {"uv": [10, 10, 10.5, 10.5], "texture": "#0"},
				"east": {"uv": [5, 5, 6, 5.5], "texture": "#0"},
				"south": {"uv": [0, 10.5, 0.5, 11], "texture": "#0"},
				"west": {"uv": [6, 0, 7, 0.5], "texture": "#0"},
				"up": {"uv": [4.5, 6.5, 4, 5.5], "texture": "#0"},
				"down": {"uv": [6.5, 1, 6, 2], "texture": "#0"}
			}
		},
		{
			"from": [7.2, 8.7, 8.1],
			"to": [9.2, 8.85, 9.5],
			"faces": {
				"north": {"uv": [5, 6, 6, 6.5], "texture": "#0"},
				"east": {"uv": [10.5, 0, 11, 0.5], "texture": "#0"},
				"south": {"uv": [0, 6.5, 1, 7], "texture": "#0"},
				"west": {"uv": [1, 10.5, 1.5, 11], "texture": "#0"},
				"up": {"uv": [2.5, 7, 1.5, 6.5], "texture": "#0"},
				"down": {"uv": [7.5, 2.5, 6.5, 3], "texture": "#0"}
			}
		},
		{
			"from": [7.3, 8.7, 8.2],
			"to": [9.1, 11, 9.4],
			"faces": {
				"north": {"uv": [1.5, 0, 2.5, 1], "texture": "#0"},
				"east": {"uv": [5, 1.5, 5.5, 2.5], "texture": "#0"},
				"south": {"uv": [1.5, 1.5, 2.5, 2.5], "texture": "#0"},
				"west": {"uv": [2, 5, 2.5, 6], "texture": "#0"},
				"up": {"uv": [6, 3.5, 5, 3], "texture": "#0"},
				"down": {"uv": [6, 4, 5, 4.5], "texture": "#0"}
			}
		},
		{
			"from": [7.95, 2.2, 8.35],
			"to": [8.45, 5.6, 9.25],
			"faces": {
				"north": {"uv": [0, 3, 0.5, 4.5], "texture": "#0"},
				"east": {"uv": [3, 0, 3.5, 1.5], "texture": "#0"},
				"south": {"uv": [1, 3, 1.5, 4.5], "texture": "#0"},
				"west": {"uv": [2, 3, 2.5, 4.5], "texture": "#0"},
				"up": {"uv": [3.5, 6.5, 3, 6], "texture": "#0"},
				"down": {"uv": [7, 3.5, 6.5, 4], "texture": "#0"}
			}
		},
		{
			"from": [7.75, 2.2, 8.55],
			"to": [8.65, 5.6, 9.05],
			"faces": {
				"north": {"uv": [3, 2, 3.5, 3.5], "texture": "#0"},
				"east": {"uv": [4, 0, 4.5, 1.5], "texture": "#0"},
				"south": {"uv": [4, 2, 4.5, 3.5], "texture": "#0"},
				"west": {"uv": [3, 4, 3.5, 5.5], "texture": "#0"},
				"up": {"uv": [9, 0.5, 8.5, 0], "texture": "#0"},
				"down": {"uv": [1.5, 8.5, 1, 9], "texture": "#0"}
			}
		},
		{
			"from": [7.675, 5.6, 8.475],
			"to": [8.725, 6.5, 9.125],
			"faces": {
				"north": {"uv": [5, 7, 5.5, 7.5], "texture": "#0"},
				"east": {"uv": [0, 7.5, 0.5, 8], "texture": "#0"},
				"south": {"uv": [7.5, 0, 8, 0.5], "texture": "#0"},
				"west": {"uv": [1, 7.5, 1.5, 8], "texture": "#0"},
				"up": {"uv": [2.5, 8, 2, 7.5], "texture": "#0"},
				"down": {"uv": [8, 3.5, 7.5, 4], "texture": "#0"}
			}
		},
		{
			"from": [7.875, 5.6, 8.275],
			"to": [8.525, 6.5, 9.325],
			"faces": {
				"north": {"uv": [8, 2, 8.5, 2.5], "texture": "#0"},
				"east": {"uv": [3, 8, 3.5, 8.5], "texture": "#0"},
				"south": {"uv": [4, 8, 4.5, 8.5], "texture": "#0"},
				"west": {"uv": [5, 8, 5.5, 8.5], "texture": "#0"},
				"up": {"uv": [8.5, 8, 8, 7.5], "texture": "#0"},
				"down": {"uv": [0.5, 8.5, 0, 9], "texture": "#0"}
			}
		},
		{
			"from": [7.875, 1.4, 8.275],
			"to": [8.525, 2.2, 9.325],
			"faces": {
				"north": {"uv": [7, 8.5, 7.5, 9], "texture": "#0"},
				"east": {"uv": [8, 8.5, 8.5, 9], "texture": "#0"},
				"south": {"uv": [9, 1, 9.5, 1.5], "texture": "#0"},
				"west": {"uv": [9, 2, 9.5, 2.5], "texture": "#0"},
				"up": {"uv": [3.5, 9.5, 3, 9], "texture": "#0"},
				"down": {"uv": [4.5, 9, 4, 9.5], "texture": "#0"}
			}
		},
		{
			"from": [7.675, 1.4, 8.475],
			"to": [8.725, 2.2, 9.125],
			"faces": {
				"north": {"uv": [2, 8.5, 2.5, 9], "texture": "#0"},
				"east": {"uv": [8.5, 3, 9, 3.5], "texture": "#0"},
				"south": {"uv": [8.5, 4, 9, 4.5], "texture": "#0"},
				"west": {"uv": [8.5, 5, 9, 5.5], "texture": "#0"},
				"up": {"uv": [6.5, 9, 6, 8.5], "texture": "#0"},
				"down": {"uv": [9, 6, 8.5, 6.5], "texture": "#0"}
			}
		},
		{
			"from": [7.6, 6.5, 8.4],
			"to": [8.8, 8, 9.2],
			"faces": {
				"north": {"uv": [6.5, 4.5, 7, 5], "texture": "#0"},
				"east": {"uv": [6.5, 5.5, 7, 6], "texture": "#0"},
				"south": {"uv": [6.5, 6.5, 7, 7], "texture": "#0"},
				"west": {"uv": [7, 1, 7.5, 1.5], "texture": "#0"},
				"up": {"uv": [3.5, 7.5, 3, 7], "texture": "#0"},
				"down": {"uv": [4.5, 7, 4, 7.5], "texture": "#0"}
			}
		},
		{
			"from": [7.8, 6.5, 8.2],
			"to": [8.6, 8, 9.4],
			"faces": {
				"north": {"uv": [7.5, 4.5, 8, 5], "texture": "#0"},
				"east": {"uv": [7.5, 5.5, 8, 6], "texture": "#0"},
				"south": {"uv": [6, 7.5, 6.5, 8], "texture": "#0"},
				"west": {"uv": [7.5, 6.5, 8, 7], "texture": "#0"},
				"up": {"uv": [7.5, 8, 7, 7.5], "texture": "#0"},
				"down": {"uv": [8.5, 1, 8, 1.5], "texture": "#0"}
			}
		},
		{
			"from": [7.8, 8, 8.2],
			"to": [8.6, 8.7, 9.4],
			"faces": {
				"north": {"uv": [4, 10, 4.5, 10.5], "texture": "#0"},
				"east": {"uv": [5, 10, 5.5, 10.5], "texture": "#0"},
				"south": {"uv": [10, 7, 10.5, 7.5], "texture": "#0"},
				"west": {"uv": [10, 8, 10.5, 8.5], "texture": "#0"},
				"up": {"uv": [9.5, 10.5, 9, 10], "texture": "#0"},
				"down": {"uv": [10.5, 9, 10, 9.5], "texture": "#0"}
			}
		},
		{
			"from": [7.7, 8.4, 8.1],
			"to": [8.7, 8.55, 9.5],
			"faces": {
				"north": {"uv": [2, 10.5, 2.5, 11], "texture": "#0"},
				"east": {"uv": [10.5, 3, 11, 3.5], "texture": "#0"},
				"south": {"uv": [10.5, 4, 11, 4.5], "texture": "#0"},
				"west": {"uv": [10.5, 5, 11, 5.5], "texture": "#0"},
				"up": {"uv": [6.5, 11, 6, 10.5], "texture": "#0"},
				"down": {"uv": [11, 6, 10.5, 6.5], "texture": "#0"}
			}
		},
		{
			"from": [7.5, 8.4, 8.3],
			"to": [8.9, 8.55, 9.3],
			"faces": {
				"north": {"uv": [7, 10.5, 7.5, 11], "texture": "#0"},
				"east": {"uv": [8, 10.5, 8.5, 11], "texture": "#0"},
				"south": {"uv": [11, 1, 11.5, 1.5], "texture": "#0"},
				"west": {"uv": [11, 2, 11.5, 2.5], "texture": "#0"},
				"up": {"uv": [3.5, 11.5, 3, 11], "texture": "#0"},
				"down": {"uv": [4.5, 11, 4, 11.5], "texture": "#0"}
			}
		},
		{
			"from": [7.6, 8, 8.4],
			"to": [8.8, 8.7, 9.2],
			"faces": {
				"north": {"uv": [9.5, 6, 10, 6.5], "texture": "#0"},
				"east": {"uv": [7, 9.5, 7.5, 10], "texture": "#0"},
				"south": {"uv": [8, 9.5, 8.5, 10], "texture": "#0"},
				"west": {"uv": [10, 1, 10.5, 1.5], "texture": "#0"},
				"up": {"uv": [10.5, 2.5, 10, 2], "texture": "#0"},
				"down": {"uv": [3.5, 10, 3, 10.5], "texture": "#0"}
			}
		},
		{
			"from": [7.8, 0.6, 8.2],
			"to": [8.6, 1.4, 9.4],
			"faces": {
				"north": {"uv": [1, 9.5, 1.5, 10], "texture": "#0"},
				"east": {"uv": [2, 9.5, 2.5, 10], "texture": "#0"},
				"south": {"uv": [9.5, 3, 10, 3.5], "texture": "#0"},
				"west": {"uv": [9.5, 4, 10, 4.5], "texture": "#0"},
				"up": {"uv": [10, 5.5, 9.5, 5], "texture": "#0"},
				"down": {"uv": [6.5, 9.5, 6, 10], "texture": "#0"}
			}
		},
		{
			"from": [7.6, 0.6, 8.4],
			"to": [8.8, 1.4, 9.2],
			"faces": {
				"north": {"uv": [5, 9, 5.5, 9.5], "texture": "#0"},
				"east": {"uv": [9, 7, 9.5, 7.5], "texture": "#0"},
				"south": {"uv": [9, 8, 9.5, 8.5], "texture": "#0"},
				"west": {"uv": [9, 9, 9.5, 9.5], "texture": "#0"},
				"up": {"uv": [0.5, 10, 0, 9.5], "texture": "#0"},
				"down": {"uv": [10, 0, 9.5, 0.5], "texture": "#0"}
			}
		},
		{
			"from": [7.6, 0, 8.4],
			"to": [8.8, 0.6, 9.2],
			"faces": {
				"north": {"uv": [11, 10, 11.5, 10.5], "texture": "#0"},
				"east": {"uv": [11, 11, 11.5, 11.5], "texture": "#0"},
				"south": {"uv": [0, 11.5, 0.5, 12], "texture": "#0"},
				"west": {"uv": [11.5, 0, 12, 0.5], "texture": "#0"},
				"up": {"uv": [1.5, 12, 1, 11.5], "texture": "#0"},
				"down": {"uv": [2.5, 11.5, 2, 12], "texture": "#0"}
			}
		},
		{
			"from": [7.8, 0, 8.2],
			"to": [8.6, 0.6, 9.4],
			"faces": {
				"north": {"uv": [5, 11, 5.5, 11.5], "texture": "#0"},
				"east": {"uv": [11, 7, 11.5, 7.5], "texture": "#0"},
				"south": {"uv": [11, 8, 11.5, 8.5], "texture": "#0"},
				"west": {"uv": [9, 11, 9.5, 11.5], "texture": "#0"},
				"up": {"uv": [11.5, 9.5, 11, 9], "texture": "#0"},
				"down": {"uv": [10.5, 11, 10, 11.5], "texture": "#0"}
			}
		}
	],
	"gui_light": "front",
	"display": {
		"thirdperson_righthand": {
			"translation": [-0.5, 4, 0],
			"scale": [0.75, 0.75, 0.75]
		},
		"thirdperson_lefthand": {
			"translation": [-0.5, 4, 0],
			"scale": [0.75, 0.75, 0.75]
		},
		"firstperson_righthand": {
			"rotation": [-4.75, 0, 0],
			"translation": [1.5, 4.5, 0]
		},
		"firstperson_lefthand": {
			"rotation": [-4.75, 0, 0],
			"translation": [1.5, 4.5, 0]
		},
		"ground": {
			"translation": [0, 2.5, 0],
			"scale": [0.75, 0.75, 0.75]
		},
		"gui": {
			"rotation": [0, 27.5, -27.5],
			"translation": [1, 3, 0],
			"scale": [1.35, 1.35, 1.35]
		},
		"head": {
			"translation": [0, 12.25, 0],
			"scale": [0.75, 0.75, 0.75]
		},
		"fixed": {
			"translation": [-0.5, 3.75, -2.25],
			"scale": [1.7, 1.7, 1.7]
		}
	}
}